Date,Price,Open,High,Low,Vol.,Change %
2022-01-01,3.678,3.554,3.709,3.5,52870.0,3.4
2022-01-02,3.678,3.554,3.709,3.5,52870.0,3.4
2022-01-03,3.678,3.554,3.709,3.5,52870.0,3.4
2022-01-04,3.582,3.674,3.777,3.573,56260.0,-2.61
2022-01-05,3.71,3.611,3.738,3.591,48910.0,3.57
2022-01-06,3.67,3.679,3.757,3.647,45460.0,-1.08
2022-01-07,3.726,3.716,3.803,3.664,66760.0,1.53
2022-01-08,3.762,3.780666666666667,3.8573333333333335,3.6973333333333334,74200.0,1.9866666666666666
2022-01-09,3.798,3.8453333333333335,3.9116666666666666,3.7306666666666666,81640.0,2.4433333333333334
2022-01-10,3.834,3.91,3.966,3.764,89080.0,2.9
2022-01-11,3.968,3.868,3.98,3.787,76680.0,3.5
2022-01-12,4.327,3.948,4.356,3.926,125210.0,9.05
2022-01-13,4.005,4.296,4.329,3.99,115340.0,-7.44
2022-01-14,4.081,4.01,4.097,3.933,67720.0,1.9
2022-01-15,4.208,4.1739999999999995,4.2235,4.128,70057.5,4.0600000000000005
2022-01-16,4.335,4.338,4.35,4.323,72395.0,6.22
2022-01-17,4.276,4.33,4.353,4.216,74732.5,-1.36
2022-01-18,4.048,4.143,4.18,4.002,77070.0,-5.33
2022-01-19,3.845,4.071,4.119,3.834,84600.0,-5.01
2022-01-20,3.649,3.834,3.868,3.629,97440.0,-5.1
2022-01-21,3.782,3.68,3.829,3.669,75320.0,3.64
2022-01-22,3.813,3.6896666666666667,3.856666666666667,3.677,80520.0,3.2466666666666666
2022-01-23,3.844,3.6993333333333336,3.884333333333333,3.685,85720.0,2.8533333333333335
2022-01-24,3.875,3.709,3.912,3.693,90920.0,2.46
2022-01-25,3.894,3.811,3.919,3.761,91170.0,0.49
2022-01-26,4.036,3.885,4.194,3.856,158500.0,3.65
2022-01-27,4.283,4.0,4.42,3.99,193250.0,6.12
2022-01-28,4.473,4.222,4.629,4.192,137040.0,4.44
2022-01-29,4.540333333333333,4.360333333333333,4.686999999999999,4.305666666666667,118446.66666666667,4.466666666666667
2022-01-30,4.607666666666667,4.498666666666667,4.745,4.419333333333333,99853.33333333334,4.493333333333333
2022-01-31,4.675,4.637,4.803,4.533,81260.0,4.52
2022-02-01,4.573,4.696,4.736,4.474,66060.0,-2.18
2022-02-02,5.044,4.681,5.053,4.664,164670.0,10.3
2022-02-03,4.72,4.966,5.009,4.617,82150.0,-6.42
2022-02-04,4.492,4.75,4.861,4.41,85890.0,-4.83
2022-02-05,4.394,4.609666666666667,4.710333333333333,4.306666666666667,89400.0,-5.4
2022-02-06,4.296,4.469333333333333,4.559666666666667,4.203333333333333,92910.0,-5.97
2022-02-07,4.198,4.329,4.409,4.1,96420.0,-6.54
2022-02-08,4.218,4.238,4.343,4.157,76340.0,0.48
2022-02-09,3.98,4.178,4.229,3.955,78050.0,-5.64
2022-02-10,3.943,4.0,4.033,3.867,76760.0,-0.93
2022-02-11,3.935,3.923,4.045,3.872,101610.0,-0.2
2022-02-12,4.01,3.972,4.092,3.921,91533.33333333333,1.7733333333333334
2022-02-13,4.085,4.021,4.139,3.97,81456.66666666667,3.7466666666666666
2022-02-14,4.16,4.07,4.186,4.019,71380.0,5.72
2022-02-15,4.241,4.147,4.336,4.125,83260.0,1.95
2022-02-16,4.572,4.306,4.592,4.279,103910.0,7.8
2022-02-17,4.43,4.532,4.645,4.343,92860.0,-3.11
2022-02-18,4.377,4.451,4.585,4.306,98020.0,-1.2
2022-02-19,4.478,4.49,4.5915,4.4165,108995.0,1.7100000000000002
2022-02-20,4.579,4.529,4.598,4.527,119970.0,4.62
2022-02-21,4.705,4.58,4.745,4.52,130945.0,2.75
2022-02-22,4.461,4.505,4.746,4.409,141920.0,-5.19
2022-02-23,4.593,4.466,4.685,4.437,136530.0,2.96
2022-02-24,4.641,4.592,4.938,4.555,184110.0,1.05
2022-02-25,4.485,4.591,4.724,4.435,48170.0,-3.36
2022-02-26,4.463333333333334,4.604,4.716,4.4206666666666665,49336.666666666664,-2.723333333333333
2022-02-27,4.441666666666666,4.617,4.708,4.406333333333333,50503.333333333336,-2.086666666666667
2022-02-28,4.42,4.63,4.7,4.392,51670.0,-1.45
2022-03-01,4.598,4.425,4.649,4.361,61820.0,4.03
2022-03-02,4.787,4.631,4.928,4.63,80450.0,4.11
2022-03-03,4.736,4.813,4.949,4.653,86530.0,-1.07
2022-03-04,5.036,4.763,5.06,4.758,59640.0,6.33
2022-03-05,4.976666666666667,4.861,5.106333333333333,4.775,63620.0,3.0433333333333334
2022-03-06,4.917333333333333,4.9590000000000005,5.152666666666667,4.792,67600.0,-0.24333333333333318
2022-03-07,4.858,5.057,5.199,4.809,71580.0,-3.53
2022-03-08,4.563,4.848,4.909,4.541,87820.0,-6.07
2022-03-09,4.561,4.615,4.664,4.488,52780.0,-0.04
2022-03-10,4.669,4.561,4.707,4.538,54150.0,2.37
2022-03-11,4.766,4.696,4.837,4.666,51220.0,2.08
2022-03-12,4.744666666666666,4.713666666666667,4.823666666666666,4.6290000000000004,47483.333333333336,0.9400000000000002
2022-03-13,4.723333333333334,4.731333333333333,4.810333333333333,4.592,43746.666666666664,-0.19999999999999973
2022-03-14,4.702,4.749,4.797,4.555,40010.0,-1.34
2022-03-15,4.617,4.722,4.722,4.509,55850.0,-1.81
2022-03-16,4.784,4.685,4.812,4.645,58600.0,3.62
2022-03-17,5.021,4.805,5.031,4.724,60970.0,4.95
2022-03-18,4.902,4.969,4.989,4.849,46840.0,-2.37
2022-03-19,4.9126666666666665,4.955,4.995333333333333,4.829666666666667,46653.333333333336,-1.3633333333333335
2022-03-20,4.923333333333334,4.941,5.001666666666667,4.810333333333333,46466.666666666664,-0.3566666666666669
2022-03-21,4.934,4.927,5.008,4.791,46280.0,0.65
2022-03-22,5.227,4.983,5.244,4.907,86520.0,5.94
2022-03-23,5.274,5.184,5.364,5.135,63050.0,0.9
2022-03-24,5.446,5.158,5.508,5.114,99250.0,3.26
2022-03-25,5.611,5.469,5.617,5.386,84020.0,3.03
2022-03-26,5.586666666666667,5.511,5.647,5.408,91216.66666666667,1.5866666666666664
2022-03-27,5.562333333333333,5.553,5.677,5.43,98413.33333333333,0.1433333333333331
2022-03-28,5.538,5.595,5.707,5.452,105610.0,-1.3
2022-03-29,5.33,5.5,5.527,5.316,111300.0,-3.76
2022-03-30,5.658,5.364,5.677,5.326,39610.0,6.15
2022-03-31,5.701,5.631,5.887,5.516,47660.0,0.76
2022-04-01,5.795,5.694,5.85,5.575,54250.0,1.65
2022-04-02,5.794333333333333,5.733666666666666,5.8759999999999994,5.626,56193.333333333336,1.0899999999999999
2022-04-03,5.793666666666667,5.773333333333333,5.902,5.677,58136.666666666664,0.53
2022-04-04,5.793,5.813,5.928,5.728,60080.0,-0.03
2022-04-05,6.108,5.864,6.277,5.847,53630.0,5.44
2022-04-06,6.107,6.175,6.469,6.08,56570.0,-0.02
2022-04-07,6.436,6.189,6.517,6.08,62490.0,5.39
2022-04-08,6.356,6.484,6.615,6.338,60000.0,-1.24
2022-04-09,6.4783333333333335,6.475333333333333,6.676666666666667,6.334333333333333,58973.333333333336,1.0966666666666665
2022-04-10,6.600666666666666,6.466666666666667,6.738333333333333,6.330666666666667,57946.666666666664,3.4333333333333327
2022-04-11,6.723,6.458,6.8,6.327,56920.0,5.77
2022-04-12,6.763,6.784,7.025,6.68,76040.0,0.59
2022-04-13,7.096,6.791,7.193,6.735,74250.0,4.92
2022-04-14,7.423,7.14,7.465,7.064,85250.0,4.61
2022-04-15,7.55675,7.2275,7.648,7.17,87672.5,5.26
2022-04-16,7.6905,7.3149999999999995,7.8309999999999995,7.276,90095.0,5.91
2022-04-17,7.82425,7.4025,8.014,7.382000000000001,92517.5,6.5600000000000005
2022-04-18,7.958,7.49,8.197,7.488,94940.0,7.21
2022-04-19,7.277,7.908,8.075,7.052,98500.0,-8.56
2022-04-20,7.065,7.369,7.496,6.894,78260.0,-2.91
2022-04-21,7.096,6.954,7.274,6.832,76730.0,0.44
2022-04-22,6.663,7.076,7.214,6.56,95250.0,-6.1
2022-04-23,6.710333333333334,6.889666666666667,7.180000000000001,6.530333333333333,101590.0,-3.356666666666666
2022-04-24,6.757666666666666,6.703333333333333,7.146,6.500666666666667,107930.0,-0.6133333333333324
2022-04-25,6.805,6.517,7.112,6.471,114270.0,2.13
2022-04-26,6.978,6.963,7.175,6.79,135730.0,2.54
2022-04-27,7.339,7.009,7.524,6.956,155330.0,5.17
2022-04-28,6.994,7.494,7.517,6.985,68510.0,-4.7
2022-04-29,7.355,7.044,7.447,6.919,52950.0,5.16
2022-04-30,7.425333333333334,7.199666666666666,7.531666666666666,7.056333333333333,59826.666666666664,4.3966666666666665
2022-05-01,7.495666666666667,7.355333333333333,7.616333333333333,7.193666666666667,66703.33333333333,3.6333333333333337
2022-05-02,7.566,7.511,7.701,7.331,73580.0,2.87
2022-05-03,8.025,7.656,8.25,7.643,83050.0,6.07
2022-05-04,8.472,7.899,8.542,7.815,53020.0,5.57
2022-05-05,8.841,8.457,8.965,8.178,49020.0,4.36
2022-05-06,8.128,8.896,9.052,8.039,81130.0,-8.06
2022-05-07,7.787333333333334,8.579,8.824666666666666,7.707666666666666,94176.66666666667,-9.563333333333334
2022-05-08,7.446666666666666,8.262,8.597333333333333,7.376333333333333,107223.33333333333,-11.066666666666666
2022-05-09,7.106,7.945,8.37,7.045,120270.0,-12.57
2022-05-10,7.467,7.108,7.543,6.521,90330.0,5.08
2022-05-11,7.727,7.395,7.803,7.385,62460.0,3.48
2022-05-12,7.835,7.749,7.884,7.348,62460.0,1.4
2022-05-13,7.765,7.776,8.022,7.618,57740.0,-0.89
2022-05-14,7.861,7.792666666666666,8.106666666666667,7.667,57396.666666666664,0.6433333333333332
2022-05-15,7.957000000000001,7.809333333333333,8.191333333333333,7.716,57053.333333333336,2.1766666666666663
2022-05-16,8.053,7.826,8.276,7.765,56710.0,3.71
2022-05-17,8.394,8.112,8.457,8.112,40670.0,4.23
2022-05-18,8.455,8.41,8.64,8.253,44440.0,0.73
2022-05-19,8.4,8.348,8.591,8.0,69130.0,-0.65
2022-05-20,8.178,8.192,8.285,7.943,49770.0,-2.64
2022-05-21,8.394333333333334,8.190666666666667,8.492,7.945333333333333,62270.0,0.8866666666666667
2022-05-22,8.610666666666667,8.189333333333334,8.699,7.947666666666667,74770.0,4.413333333333334
2022-05-23,8.827,8.188,8.906,7.95,87270.0,7.94
2022-05-24,8.836,8.819,9.014,8.683,89420.0,0.1
2022-05-25,8.993,8.876,9.437,8.798,132240.0,1.78
2022-05-26,8.895,8.978,9.447,8.626,163270.0,-1.09
2022-05-27,8.712,8.797,8.875,8.275,22810.0,-2.06
2022-05-28,8.7635,8.813,8.858,8.488,25765.0,-0.43999999999999995
2022-05-29,8.815,8.829,8.841,8.701,28720.0,1.18
2022-05-30,8.686,8.819,8.908,8.598,31675.0,-1.46
2022-05-31,8.138,8.87,8.897,8.111,34630.0,-6.31
2022-06-01,8.686,8.25,8.779,8.143,29200.0,6.73
2022-06-02,8.474,8.751,9.04,8.37,29360.0,-2.44
2022-06-03,8.51,8.406,8.677,8.257,22800.0,0.42
2022-06-04,8.775333333333332,8.502666666666666,8.912333333333333,8.403333333333332,26160.0,3.3966666666666665
2022-06-05,9.040666666666667,8.599333333333334,9.147666666666666,8.549666666666667,29520.0,6.373333333333333
2022-06-06,9.306,8.696,9.383,8.696,32880.0,9.35
2022-06-07,9.278,9.365,9.514,9.187,68450.0,-0.3
2022-06-08,8.679,9.347,9.645,8.447,116440.0,-6.46
2022-06-09,8.978,8.612,9.041,8.022,104720.0,3.45
2022-06-10,8.867,9.011,9.161,8.635,61070.0,-1.24
2022-06-11,8.784333333333334,8.969999999999999,9.096666666666666,8.552666666666667,64480.0,-1.7599999999999998
2022-06-12,8.701666666666666,8.929,9.032333333333334,8.470333333333333,67890.0,-2.28
2022-06-13,8.619,8.888,8.968,8.388,71300.0,-2.8
2022-06-14,7.18,8.688,8.885,7.01,137510.0,-16.7
2022-06-15,7.406,7.259,7.681,7.205,53880.0,3.15
2022-06-16,7.438,7.467,7.981,7.305,55120.0,0.43
2022-06-17,6.906,7.422,7.566,6.852,56890.0,-7.15
2022-06-18,6.804,7.087,7.162,6.7555,59492.5,-5.050000000000001
2022-06-19,6.702,6.752,6.758,6.659,62095.0,-2.95
2022-06-20,6.713,6.706,6.84,6.635,64697.5,0.16
2022-06-21,6.783,6.79,6.948,6.531,67300.0,1.04
2022-06-22,6.872,6.816,6.95,6.554,54830.0,1.31
2022-06-23,6.283,6.829,6.854,6.237,112230.0,-8.57
2022-06-24,6.281,6.26,6.407,6.062,84610.0,-0.03
2022-06-25,6.3693333333333335,6.236,6.4703333333333335,6.063000000000001,90196.66666666667,1.3866666666666667
2022-06-26,6.457666666666666,6.212,6.533666666666667,6.064,95783.33333333333,2.8033333333333337
2022-06-27,6.546,6.188,6.597,6.065,101370.0,4.22
2022-06-28,6.57,6.468,6.738,6.417,90790.0,0.37
2022-06-29,6.493,6.609,6.812,6.401,34690.0,-1.17
2022-06-30,5.392,6.425,6.575,5.327,74700.0,-16.96
2022-07-01,5.712,5.599,5.909,5.557,49270.0,5.93
2022-07-02,5.7105,5.65,5.8215,5.6175,47957.5,2.94
2022-07-03,5.709,5.701,5.734,5.678,46645.0,-0.05
2022-07-04,5.853,5.712,5.905,5.606,45332.5,2.52
2022-07-05,5.487,5.679,5.883,5.324,44020.0,-6.25
2022-07-06,5.482,5.43,5.699,5.349,28360.0,-0.09
2022-07-07,6.262,5.508,6.338,5.464,47170.0,14.23
2022-07-08,5.967,6.18,6.263,5.948,61700.0,-4.71
2022-07-09,6.084333333333333,6.224666666666667,6.372,6.018666666666667,64780.0,-1.1733333333333333
2022-07-10,6.201666666666666,6.269333333333333,6.481,6.089333333333333,67860.0,2.3633333333333333
2022-07-11,6.319,6.314,6.59,6.16,70940.0,5.9
2022-07-12,6.021,6.395,6.647,5.895,73230.0,-4.72
2022-07-13,6.589,6.125,6.683,6.058,67360.0,9.43
2022-07-14,6.511,6.544,6.806,6.461,69080.0,-1.18
2022-07-15,6.926,6.584,7.047,6.351,49320.0,6.37
2022-07-16,7.078,6.729666666666667,7.184666666666667,6.563,50510.0,6.44
2022-07-17,7.2299999999999995,6.875333333333333,7.322333333333333,6.775,51700.0,6.51
2022-07-18,7.382,7.021,7.46,6.987,52890.0,6.58
2022-07-19,7.15,7.329,7.453,7.017,58010.0,-3.14
2022-07-20,7.899,7.2,7.925,7.057,75270.0,10.48
2022-07-21,7.815,7.769,8.045,7.485,84550.0,-1.06
2022-07-22,8.195,7.78,8.293,7.652,86580.0,4.86
2022-07-23,8.320333333333334,7.944333333333334,8.43,7.835333333333334,84070.0,4.7700000000000005
2022-07-24,8.445666666666666,8.108666666666666,8.567,8.018666666666666,81560.0,4.68
2022-07-25,8.571,8.273,8.704,8.202,79050.0,4.59
2022-07-26,8.825,8.667,9.419,8.568,146560.0,2.96
2022-07-27,8.554,8.701,8.99,8.345,105220.0,-3.07
2022-07-28,8.118,8.6,8.8,8.095,27790.0,-5.1
2022-07-29,8.208,8.16,8.356,7.995,25600.0,1.11
2022-07-30,8.225333333333333,8.071333333333333,8.329333333333333,7.908333333333333,28496.666666666668,0.9500000000000001
2022-07-31,8.242666666666667,7.982666666666667,8.302666666666667,7.821666666666667,31393.333333333332,0.79
2022-08-01,8.26,7.894,8.276,7.735,34290.0,0.63
2022-08-02,7.698,8.18,8.196,7.618,36470.0,-6.8
2022-08-03,8.262,7.666,8.46,7.557,41580.0,7.33
2022-08-04,8.114,8.279,8.432,7.8,28700.0,-1.79
2022-08-05,8.051,8.142,8.229,7.894,55050.0,-0.78
2022-08-06,7.8933333333333335,8.044666666666666,8.122333333333334,7.774666666666667,53226.666666666664,-2.48
2022-08-07,7.735666666666667,7.947333333333333,8.015666666666666,7.655333333333333,51403.333333333336,-4.18
2022-08-08,7.578,7.85,7.909,7.536,49580.0,-5.88
2022-08-09,7.825,7.67,7.88,7.618,40530.0,3.26
2022-08-10,8.193,7.848,8.254,7.703,45990.0,4.7
2022-08-11,8.863,8.21,8.979,8.171,67200.0,8.18
2022-08-12,8.744,8.706,8.9,8.51,34100.0,-1.34
2022-08-13,8.733333333333333,8.693333333333333,8.904,8.467666666666666,32776.666666666664,-1.0166666666666666
2022-08-14,8.722666666666667,8.680666666666665,8.908000000000001,8.425333333333333,31453.333333333332,-0.6933333333333334
2022-08-15,8.712,8.668,8.912,8.383,30130.0,-0.37
2022-08-16,9.311,8.798,9.39,8.773,53220.0,6.88
2022-08-17,9.228,9.346,9.65,9.1,45920.0,-0.89
2022-08-18,9.17,9.159,9.64,8.862,55450.0,-0.63
2022-08-19,9.315,9.153,9.37,8.86,41660.0,1.58
2022-08-20,9.425666666666666,9.155000000000001,9.563333333333333,8.954333333333333,47933.333333333336,2.24
2022-08-21,9.536333333333333,9.157,9.756666666666666,9.048666666666668,54206.666666666664,2.9000000000000004
2022-08-22,9.647,9.159,9.95,9.143,60480.0,3.56
2022-08-23,9.155,9.78,9.987,9.021,86530.0,-5.1
2022-08-24,9.3,9.196,9.408,9.063,72190.0,1.58
2022-08-25,9.344,9.197,9.392,9.147,56510.0,0.47
2022-08-26,9.269,9.336,9.64,9.16,83800.0,-0.8
2022-08-27,9.291333333333334,9.425666666666666,9.663666666666668,9.1,85626.66666666667,-0.29333333333333333
2022-08-28,9.313666666666666,9.515333333333334,9.687333333333333,9.040000000000001,87453.33333333333,0.21333333333333337
2022-08-29,9.336,9.605,9.711,8.98,89280.0,0.72
2022-08-30,9.103,9.318,9.365,8.933,27720.0,-2.5
2022-08-31,9.189,9.141,9.341,8.879,27110.0,0.94
2022-09-01,9.33,9.194,9.454,9.074,42440.0,1.53
2022-09-02,8.85,9.259,9.31,8.692,35020.0,-5.14
2022-09-03,8.9145,9.1725,9.203,8.818999999999999,41195.0,-1.8399999999999999
2022-09-04,8.979,9.086,9.096,8.946,47370.0,1.46
2022-09-05,8.714,8.98,8.995,8.71,53545.0,-2.95
2022-09-06,8.212,9.058,9.176,7.9,59720.0,-5.76
2022-09-07,7.901,8.118,8.355,7.828,47900.0,-3.79
2022-09-08,7.971,7.9,8.12,7.834,61120.0,0.89
2022-09-09,8.044,8.018,8.255,7.946,50670.0,0.92
2022-09-10,8.125,8.052333333333333,8.319,7.934333333333333,54276.666666666664,1.62
2022-09-11,8.206000000000001,8.086666666666668,8.383,7.922666666666666,57883.333333333336,2.3200000000000003
2022-09-12,8.287,8.121,8.447,7.911,61490.0,3.02
2022-09-13,8.334,8.434,8.501,8.211,52480.0,0.57
2022-09-14,9.167,8.414,9.292,8.376,73710.0,10.0
2022-09-15,8.372,9.134,9.159,8.26,63980.0,-8.67
2022-09-16,7.811,8.349,8.367,7.766,54360.0,-6.7
2022-09-17,7.808666666666666,8.149666666666667,8.231666666666667,7.662333333333334,51686.666666666664,-4.496666666666666
2022-09-18,7.806333333333334,7.950333333333334,8.096333333333334,7.558666666666666,49013.333333333336,-2.293333333333333
2022-09-19,7.804,7.751,7.961,7.455,46340.0,-0.09
2022-09-20,7.772,7.929,8.037,7.703,42910.0,-0.41
2022-09-21,7.827,7.792,8.179,7.609,60250.0,0.71
2022-09-22,7.193,7.8,7.825,7.168,94310.0,-8.1
2022-09-23,6.992,7.274,7.374,6.867,123600.0,-2.79
2022-09-24,6.999333333333333,7.1883333333333335,7.291333333333333,6.808666666666666,109426.66666666667,-1.7566666666666666
2022-09-25,7.006666666666667,7.102666666666667,7.208666666666667,6.750333333333334,95253.33333333333,-0.7233333333333332
2022-09-26,7.014,7.017,7.126,6.692,81080.0,0.31
2022-09-27,6.76,7.055,7.24,6.74,130919.99999999999,-3.62
2022-09-28,6.955,6.775,7.041,6.562,98400.0,2.88
2022-09-29,7.142,7.271,7.37,6.865,23250.0,2.69
2022-09-30,7.065,7.144,7.322,6.99,36280.0,-1.08
2022-10-01,6.977666666666667,7.133,7.251666666666667,6.868666666666667,35923.333333333336,-1.9566666666666666
2022-10-02,6.890333333333333,7.122,7.181333333333333,6.747333333333334,35566.666666666664,-2.833333333333333
2022-10-03,6.803,7.111,7.111,6.626,35210.0,-3.71
2022-10-04,7.174,6.86,7.239,6.66,42930.0,5.45
2022-10-05,7.236,7.152,7.352,6.984,23970.0,0.86
2022-10-06,7.242,7.225,7.436,7.145,40550.0,0.08
2022-10-07,7.047,7.14,7.226,6.911,45820.0,-2.69
2022-10-08,6.959333333333333,7.072,7.219,6.860333333333333,47656.666666666664,-3.0366666666666666
2022-10-09,6.871666666666666,7.004,7.212,6.809666666666667,49493.333333333336,-3.3833333333333333
2022-10-10,6.784,6.936,7.205,6.759,51330.0,-3.73
2022-10-11,6.928,6.891,6.991,6.723,44660.0,2.12
2022-10-12,6.766,6.945,7.127,6.728,50200.0,-2.34
2022-10-13,7.053,6.795,7.084,6.672,61880.0,4.24
2022-10-14,6.827,6.989,7.051,6.772,54800.0,-3.2
2022-10-15,6.711,6.886,6.9463333333333335,6.642,59906.666666666664,-3.8333333333333335
2022-10-16,6.595,6.7829999999999995,6.841666666666667,6.512,65013.333333333336,-4.466666666666667
2022-10-17,6.479,6.68,6.737,6.382,70120.0,-5.1
2022-10-18,6.237,6.474,6.531,6.15,53280.0,-3.74
2022-10-19,5.928,6.175,6.271,5.893,55180.0,-4.95
2022-10-20,5.838,5.908,6.044,5.738,64629.99999999999,-1.52
2022-10-21,5.472,5.784,5.851,5.393,82760.0,-6.27
2022-10-22,5.565666666666667,5.677333333333333,5.8486666666666665,5.377,84256.66666666667,-2.4666666666666663
2022-10-23,5.6593333333333335,5.570666666666667,5.846333333333334,5.361,85753.33333333333,1.336666666666667
2022-10-24,5.753,5.464,5.844,5.345,87250.0,5.14
2022-10-25,6.166,5.739,6.281,5.727,112870.0,7.18
2022-10-26,6.119,6.259,6.265,5.828,125690.0,-0.76
2022-10-27,5.875,6.19,6.198,5.71,118810.0,-3.99
2022-10-28,5.953,6.114,6.153,5.824,35770.0,1.33
2022-10-29,6.171,6.1066666666666665,6.307666666666666,5.911333333333333,45496.666666666664,4.550000000000001
2022-10-30,6.389,6.099333333333333,6.4623333333333335,5.998666666666667,55223.33333333333,7.7700000000000005
2022-10-31,6.607,6.092,6.617,6.086,64950.0,10.99
2022-11-01,6.08,6.561,6.565,6.011,67230.0,-7.98
2022-11-02,6.589,6.179,6.62,6.16,42310.0,8.37
2022-11-03,6.33,6.522,6.543,6.23,37800.0,-3.93
2022-11-04,6.754,6.298,6.873,6.267,51460.0,6.7
2022-11-05,6.917333333333333,6.621333333333333,7.082333333333334,6.485,65146.666666666664,6.883333333333334
2022-11-06,7.080666666666667,6.9446666666666665,7.291666666666667,6.703,78833.33333333333,7.066666666666666
2022-11-07,7.244,7.268,7.501,6.921,92520.0,7.25
2022-11-08,6.524,7.024,7.162,6.454,89020.0,-9.94
2022-11-09,6.225,6.596,6.745,6.131,84860.0,-4.58
2022-11-10,6.613,6.299,6.637,6.143,57650.0,6.23
2022-11-11,6.263,6.54,6.864,6.172,60950.0,-5.29
2022-11-12,6.275,6.523666666666666,6.823333333333333,6.201333333333333,59140.0,-3.336666666666667
2022-11-13,6.287,6.507333333333333,6.782666666666667,6.230666666666666,57330.0,-1.3833333333333333
2022-11-14,6.299,6.491,6.742,6.26,55520.0,0.57
2022-11-15,6.395,6.434,6.531,6.19,42660.0,1.52
2022-11-16,6.607,6.503,6.637,6.132,68550.0,3.32
2022-11-17,6.744,6.612,6.912,6.554,72240.0,2.07
2022-11-18,6.716,6.758,6.831,6.425,58640.0,-0.42
2022-11-19,6.885,6.770666666666667,6.9783333333333335,6.4736666666666665,67250.0,2.236666666666667
2022-11-20,7.054,6.783333333333333,7.125666666666667,6.522333333333333,75860.0,4.8933333333333335
2022-11-21,7.223,6.796,7.273,6.571,84470.0,7.55
2022-11-22,7.406,7.183,7.55,6.899,107980.0,2.53
2022-11-23,7.708,7.525,8.177,7.505,154600.0,4.08
2022-11-24,7.177,7.307,7.404,7.1,126235.0,-6.89
2022-11-25,7.33,7.727,7.804,7.201,97870.0,2.13
2022-11-26,7.285333333333333,7.585,7.664666666666667,7.110333333333333,100550.0,0.8099999999999998
2022-11-27,7.240666666666667,7.4430000000000005,7.525333333333333,7.019666666666667,103230.0,-0.5100000000000002
2022-11-28,7.196,7.301,7.386,6.929,105910.0,-1.83
2022-11-29,7.084,7.12,7.249,6.944,38400.0,-1.56
2022-11-30,6.818,7.1,7.159,6.7,42660.0,-3.75
2022-12-01,6.631,6.839,7.075,6.6,28550.0,-2.74
2022-12-02,6.169,6.714,6.729,6.109,29960.0,-6.97
2022-12-03,5.940666666666666,6.426,6.469,5.895333333333333,36133.333333333336,-8.346666666666666
2022-12-04,5.7123333333333335,6.138,6.209,5.681666666666667,42306.666666666664,-9.723333333333333
2022-12-05,5.484,5.85,5.949,5.468,48480.0,-11.1
2022-12-06,5.378,5.542,5.587,5.256,42690.0,-1.93
2022-12-07,5.617,5.3,5.719,5.298,67440.0,4.44
2022-12-08,5.82,5.707,6.007,5.649,49950.0,3.61
2022-12-09,6.082,5.792,6.192,5.68,48190.0,4.5
2022-12-10,6.193333333333333,6.090333333333334,6.397,5.8933333333333335,52956.666666666664,4.83
2022-12-11,6.304666666666667,6.3886666666666665,6.602,6.1066666666666665,57723.333333333336,5.16
2022-12-12,6.416,6.687,6.807,6.32,62490.0,5.49
2022-12-13,6.733,6.341,6.871,6.337,55830.0,4.94
2022-12-14,6.22,6.76,6.764,6.138,52190.0,-7.62
2022-12-15,6.589,6.174,6.646,6.163,63690.0,5.93
2022-12-16,6.303,6.539,6.546,5.96,48450.0,-4.34
2022-12-17,6.105333333333333,6.337666666666666,6.392333333333333,5.851333333333334,54186.666666666664,-6.03
2022-12-18,5.907666666666667,6.136333333333333,6.238666666666667,5.742666666666667,59923.333333333336,-7.720000000000001
2022-12-19,5.71,5.935,6.085,5.634,65660.0,-9.41
2022-12-20,5.216,5.678,5.765,5.167,77840.0,-8.65
2022-12-21,5.238,5.232,5.481,5.175,55520.0,0.42
2022-12-22,4.928,5.356,5.526,4.905,82270.0,-5.92
2022-12-23,4.98,5.014,5.139,4.779,87380.0,1.06
2022-12-24,5.034666666666667,5.069,5.155333333333333,4.865,86792.5,1.8033333333333332
2022-12-25,5.089333333333333,5.1240000000000006,5.171666666666667,4.951,86205.0,2.546666666666667
2022-12-26,5.144,5.179,5.188,5.037,85617.5,3.29
2022-12-27,5.118,5.19,5.245,4.99,85030.0,-0.51
2022-12-28,4.685,5.08,5.083,4.462,115020.0,-8.46
2022-12-29,4.117,4.269,4.279,4.02,40400.0,-12.12
2022-12-30,4.104,4.147,4.167,4.015,37810.0,-0.32
2022-12-31,4.117,4.172000000000001,4.185333333333333,4.034,44867.5,0.10333333333333333
2023-01-01,4.13,4.197,4.203666666666667,4.053,51925.0,0.5266666666666666
2023-01-02,4.143,4.222,4.222,4.072,58982.5,0.95
2023-01-03,3.641,4.005,4.005,3.62,66040.0,-12.12
2023-01-04,3.78,3.658,3.81,3.595,56710.0,3.82
2023-01-05,3.426,3.776,3.789,3.414,70020.0,-9.37
2023-01-06,3.392,3.462,3.495,3.283,67700.0,-0.99
2023-01-07,3.449,3.466666666666667,3.568,3.3383333333333334,77030.0,1.0200000000000002
2023-01-08,3.5060000000000002,3.4713333333333334,3.641,3.3936666666666664,86360.0,3.0300000000000002
2023-01-09,3.563,3.476,3.714,3.449,95690.0,5.04
2023-01-10,3.314,3.541,3.549,3.261,74990.0,-6.99
2023-01-11,3.346,3.289,3.42,3.137,93600.0,0.97
2023-01-12,3.355,3.396,3.556,3.309,79520.0,0.27
2023-01-13,3.196,3.356,3.392,3.169,83110.0,-4.74
2023-01-14,3.3985000000000003,3.4735,3.5035,3.3615,86610.0,3.965
2023-01-15,3.601,3.591,3.615,3.554,90110.0,12.67
2023-01-16,3.675,3.601,3.696,3.524,93610.0,2.05
2023-01-17,3.253,3.283,3.44,3.237,97110.0,-11.48
2023-01-18,3.111,3.294,3.332,3.087,85810.0,-4.37
2023-01-19,3.124,3.1,3.198,3.056,77460.0,0.42
2023-01-20,3.036,3.076,3.191,2.985,85860.0,-2.82
2023-01-21,3.098,3.122666666666667,3.208333333333333,2.9873333333333334,103673.33333333333,0.1633333333333331
2023-01-22,3.16,3.1693333333333333,3.2256666666666667,2.9896666666666665,121486.66666666666,3.146666666666666
2023-01-23,3.222,3.216,3.243,2.992,139300.0,6.13
2023-01-24,3.057,3.228,3.3,3.031,133730.0,-5.12
2023-01-25,2.915,3.065,3.078,2.86,152920.0,-4.65
2023-01-26,2.848,2.873,2.891,2.68,222210.0,-2.3
2023-01-27,2.849,2.853,2.908,2.747,128690.0,0.04
2023-01-28,2.8096666666666668,2.8186666666666667,2.8743333333333334,2.7183333333333333,106393.33333333333,-1.3533333333333333
2023-01-29,2.7703333333333333,2.7843333333333335,2.8406666666666665,2.6896666666666667,84096.66666666666,-2.7466666666666666
2023-01-30,2.731,2.75,2.807,2.661,61800.0,-4.14
2023-01-31,2.741,2.738,2.809,2.668,80030.0,0.37
2023-02-01,2.536,2.789,2.836,2.532,88090.0,-7.48
2023-02-02,2.522,2.579,2.652,2.502,70790.0,-0.55
2023-02-03,2.48,2.525,2.585,2.416,63360.0,-1.67
2023-02-04,2.4983333333333335,2.515,2.58,2.4263333333333335,63893.33333333333,-0.3733333333333333
2023-02-05,2.5166666666666666,2.505,2.5749999999999997,2.4366666666666665,64426.666666666664,0.9233333333333333
2023-02-06,2.535,2.495,2.57,2.447,64959.99999999999,2.22
2023-02-07,2.664,2.569,2.69,2.5,119360.0,5.09
2023-02-08,2.477,2.667,2.734,2.45,93350.0,-7.02
2023-02-09,2.492,2.497,2.578,2.441,112910.0,0.61
2023-02-10,2.607,2.513,2.67,2.475,135220.0,4.61
2023-02-11,2.571,2.5629999999999997,2.6763333333333335,2.4743333333333335,138390.0,1.6933333333333338
2023-02-12,2.535,2.613,2.6826666666666665,2.4736666666666665,141560.0,-1.2233333333333327
2023-02-13,2.499,2.663,2.689,2.473,144730.0,-4.14
2023-02-14,2.652,2.522,2.7,2.518,120080.0,6.12
2023-02-15,2.555,2.686,2.693,2.531,106900.0,-3.66
2023-02-16,2.485,2.554,2.635,2.455,101080.0,-2.74
2023-02-17,2.352,2.485,2.521,2.304,132580.0,-5.35
2023-02-18,2.3285,2.394,2.4135,2.2939999999999996,143315.0,-3.675
2023-02-19,2.305,2.303,2.306,2.284,154050.0,-2.0
2023-02-20,2.324,2.304,2.373,2.271,164785.0,0.82
2023-02-21,2.177,2.306,2.373,2.162,175520.0,-6.33
2023-02-22,2.298,2.188,2.422,2.113,207990.0,5.56
2023-02-23,2.432,2.295,2.488,2.235,207380.0,5.83
2023-02-24,2.548,2.464,2.587,2.415,168130.0,4.77
2023-02-25,2.6496666666666666,2.5796666666666668,2.6790000000000003,2.5100000000000002,143823.33333333334,7.17
2023-02-26,2.7513333333333336,2.695333333333333,2.771,2.605,119516.66666666666,9.57
2023-02-27,2.853,2.811,2.863,2.7,95210.0,11.97
2023-02-28,2.863,2.842,2.898,2.701,97490.0,0.35
2023-03-01,2.943,2.884,2.969,2.788,89850.0,2.79
2023-03-02,2.899,2.938,2.994,2.848,61850.0,-1.5
2023-03-03,3.141,2.916,3.156,2.904,97380.0,8.35
2023-03-04,3.004,2.9286666666666665,3.0886666666666667,2.832,109190.0,1.203333333333334
2023-03-05,2.867,2.9413333333333336,3.0213333333333336,2.7600000000000002,121000.0,-5.943333333333332
2023-03-06,2.73,2.954,2.954,2.688,132810.0,-13.09
2023-03-07,2.84,2.769,2.85,2.673,95460.0,4.03
2023-03-08,2.713,2.821,2.85,2.687,91280.0,-4.47
2023-03-09,2.683,2.754,2.797,2.614,88690.0,-1.11
2023-03-10,2.559,2.629,2.691,2.554,80580.0,-4.62
2023-03-11,2.614666666666667,2.608,2.711,2.5406666666666666,91063.33333333333,-0.9033333333333333
2023-03-12,2.6703333333333332,2.5869999999999997,2.731,2.527333333333333,101546.66666666667,2.8133333333333335
2023-03-13,2.726,2.566,2.751,2.514,112030.0,6.53
2023-03-14,2.69,2.74,2.789,2.65,75910.0,-1.32
2023-03-15,2.546,2.696,2.71,2.499,117570.0,-5.35
2023-03-16,2.626,2.59,2.657,2.527,93850.0,3.14
2023-03-17,2.446,2.638,2.639,2.436,101400.0,-6.85
2023-03-18,2.4076666666666666,2.5786666666666664,2.5996666666666663,2.3986666666666667,101553.33333333333,-6.133333333333333
2023-03-19,2.3693333333333335,2.5193333333333334,2.5603333333333333,2.361333333333333,101706.66666666667,-5.416666666666667
2023-03-20,2.331,2.46,2.521,2.324,101860.0,-4.7
2023-03-21,2.485,2.339,2.493,2.24,151460.0,6.61
2023-03-22,2.307,2.456,2.462,2.287,133980.0,-7.16
2023-03-23,2.283,2.354,2.383,2.263,106540.0,-1.04
2023-03-24,2.361,2.277,2.382,2.267,122740.0,3.42
2023-03-25,2.3123333333333336,2.280666666666667,2.3543333333333334,2.239333333333333,129553.33333333333,0.2200000000000002
2023-03-26,2.2636666666666665,2.284333333333333,2.3266666666666667,2.211666666666667,136366.66666666666,-2.9799999999999995
2023-03-27,2.215,2.288,2.299,2.184,143180.0,-6.18
2023-03-28,2.147,2.221,2.26,2.142,156200.0,-3.07
2023-03-29,2.184,2.161,2.225,2.103,155180.0,1.72
2023-03-30,2.358,2.455,2.455,2.336,37260.0,7.97
2023-03-31,2.465,2.352,2.488,2.321,43800.0,4.54
2023-04-01,2.421,2.349666666666667,2.458,2.3073333333333332,45536.666666666664,1.2433333333333332
2023-04-02,2.3770000000000002,2.3473333333333333,2.428,2.2936666666666667,47273.333333333336,-2.0533333333333337
2023-04-03,2.333,2.345,2.398,2.28,49010.0,-5.35
2023-04-04,2.344,2.348,2.385,2.31,40300.0,0.47
2023-04-05,2.381,2.332,2.421,2.3,35430.0,1.58
2023-04-06,2.238,2.375,2.4,2.22,51990.0,-6.01
2023-04-07,2.26875,2.34125,2.40475,2.225,61895.0,-3.1325
2023-04-08,2.2995,2.3075,2.4095,2.2300000000000004,71800.0,-0.2549999999999999
2023-04-09,2.3302500000000004,2.27375,2.41425,2.2350000000000003,81705.0,2.6225000000000005
2023-04-10,2.361,2.24,2.419,2.24,91610.0,5.5
2023-04-11,2.351,2.372,2.42,2.306,92120.0,-0.42
2023-04-12,2.267,2.373,2.384,2.241,113790.0,-3.57
2023-04-13,2.197,2.257,2.302,2.184,94260.0,-3.09
2023-04-14,2.305,2.209,2.316,2.143,96780.0,4.92
2023-04-15,2.3513333333333333,2.248,2.3633333333333333,2.2039999999999997,98913.33333333333,5.29
2023-04-16,2.397666666666667,2.287,2.4106666666666667,2.265,101046.66666666667,5.66
2023-04-17,2.444,2.326,2.458,2.326,103180.0,6.03
2023-04-18,2.517,2.446,2.533,2.396,76040.0,2.99
2023-04-19,2.395,2.526,2.543,2.356,97930.0,-4.85
2023-04-20,2.427,2.361,2.436,2.316,91510.0,1.34
2023-04-21,2.408,2.374,2.448,2.35,84070.0,-0.78
2023-04-22,2.429,2.3810000000000002,2.46,2.3546666666666667,95366.66666666667,0.3533333333333335
2023-04-23,2.45,2.388,2.472,2.3593333333333333,106663.33333333333,1.486666666666667
2023-04-24,2.471,2.395,2.484,2.364,117960.0,2.62
2023-04-25,2.437,2.466,2.468,2.368,135040.0,-1.38
2023-04-26,2.305,2.385,2.413,2.274,149630.0,-5.42
2023-04-27,2.548,2.51,2.567,2.465,54020.0,10.54
2023-04-28,2.578,2.538,2.7,2.484,81150.0,1.18
2023-04-29,2.5513333333333335,2.548,2.6606666666666667,2.4803333333333333,72826.66666666667,-0.2466666666666668
2023-04-30,2.5246666666666666,2.558,2.6213333333333333,2.4766666666666666,64503.33333333333,-1.6733333333333336
2023-05-01,2.498,2.568,2.582,2.473,56180.0,-3.1
2023-05-02,2.417,2.501,2.524,2.389,66070.0,-3.24
2023-05-03,2.36,2.428,2.443,2.312,71920.0,-2.36
2023-05-04,2.297,2.347,2.374,2.275,62910.0,-2.67
2023-05-05,2.321,2.281,2.349,2.233,76700.0,1.04
2023-05-06,2.3513333333333333,2.297,2.374,2.262,81540.0,2.0
2023-05-07,2.381666666666667,2.313,2.399,2.291,86380.0,2.96
2023-05-08,2.412,2.329,2.424,2.32,91220.0,3.92
2023-05-09,2.427,2.416,2.463,2.36,94180.0,0.62
2023-05-10,2.336,2.415,2.415,2.315,108740.0,-3.75
2023-05-11,2.345,2.331,2.389,2.31,89130.0,0.39
2023-05-12,2.438,2.342,2.495,2.31,131020.00000000001,3.97
2023-05-13,2.4726666666666666,2.376333333333333,2.513333333333333,2.345666666666667,124373.33333333334,4.07
2023-05-14,2.5073333333333334,2.4106666666666667,2.5316666666666667,2.381333333333333,117726.66666666667,4.17
2023-05-15,2.542,2.445,2.55,2.417,111080.0,4.27
2023-05-16,2.534,2.533,2.63,2.506,95020.0,-0.31
2023-05-17,2.509,2.524,2.586,2.471,99220.0,-0.99
2023-05-18,2.715,2.519,2.755,2.488,157180.0,8.21
2023-05-19,2.707,2.735,2.816,2.682,151500.0,-0.29
2023-05-20,2.655,2.7223333333333333,2.7796666666666665,2.6253333333333333,146726.66666666666,-2.1133333333333333
2023-05-21,2.603,2.7096666666666667,2.743333333333333,2.5686666666666667,141953.33333333334,-3.9366666666666665
2023-05-22,2.551,2.697,2.707,2.512,137180.0,-5.76
2023-05-23,2.489,2.55,2.568,2.484,119570.0,-2.43
2023-05-24,2.566,2.514,2.575,2.495,111040.0,3.09
2023-05-25,2.476,2.572,2.607,2.429,167610.0,-3.51
2023-05-26,2.417,2.463,2.479,2.381,140560.0,-2.38
2023-05-27,2.426,2.4405,2.46,2.399,116492.5,-0.8199999999999998
2023-05-28,2.435,2.418,2.441,2.417,92425.0,0.74
2023-05-29,2.349,2.434,2.447,2.338,68357.5,-3.53
2023-05-30,2.416,2.502,2.534,2.35,44290.0,2.85
2023-05-31,2.358,2.395,2.492,2.34,43880.0,-2.4
2023-06-01,2.273,2.349,2.374,2.244,71610.0,-3.6
2023-06-02,2.299,2.28,2.355,2.258,53820.0,1.14
2023-06-03,2.3213333333333335,2.2896666666666667,2.381666666666667,2.272,52650.0,1.73
2023-06-04,2.3436666666666666,2.2993333333333332,2.408333333333333,2.286,51480.0,2.3200000000000003
2023-06-05,2.366,2.309,2.435,2.3,50310.0,2.91
2023-06-06,2.381,2.391,2.408,2.294,54080.0,0.63
2023-06-07,2.433,2.381,2.456,2.369,63560.0,2.18
2023-06-08,2.434,2.431,2.469,2.368,79730.0,0.04
2023-06-09,2.331,2.402,2.415,2.325,69630.0,-4.23
2023-06-10,2.3326666666666664,2.3946666666666667,2.4103333333333334,2.3106666666666666,70093.33333333333,-2.75
2023-06-11,2.3343333333333334,2.3873333333333333,2.4056666666666664,2.2963333333333336,70556.66666666667,-1.27
2023-06-12,2.336,2.38,2.401,2.282,71020.0,0.21
2023-06-13,2.407,2.352,2.433,2.344,75350.0,3.04
2023-06-14,2.413,2.403,2.455,2.368,81110.0,0.25
2023-06-15,2.609,2.424,2.639,2.394,143190.0,8.12
2023-06-16,2.721,2.627,2.733,2.594,109350.0,4.29
2023-06-17,2.6615,2.62,2.678,2.596,115997.5,-0.040000000000000036
2023-06-18,2.602,2.613,2.623,2.598,122645.0,-4.37
2023-06-19,2.643,2.604,2.683,2.569,129292.5,1.58
2023-06-20,2.57,2.72,2.783,2.562,135940.0,-2.76
2023-06-21,2.677,2.563,2.684,2.527,96970.0,4.16
2023-06-22,2.704,2.675,2.714,2.612,93240.0,1.01
2023-06-23,2.843,2.707,2.852,2.611,142280.0,5.14
2023-06-24,2.8593333333333333,2.764,2.88,2.6833333333333336,146086.66666666666,4.0
2023-06-25,2.8756666666666666,2.821,2.908,2.7556666666666665,149893.33333333334,2.86
2023-06-26,2.892,2.878,2.936,2.828,153700.0,1.72
2023-06-27,2.789,2.881,2.895,2.759,167920.0,-3.56
2023-06-28,2.668,2.807,2.878,2.647,137910.0,-4.34
2023-06-29,2.691,2.642,2.734,2.607,64209.99999999999,0.86
2023-06-30,2.774,2.664,2.801,2.629,67450.0,3.08
2023-07-01,2.75,2.6793333333333336,2.776666666666667,2.639666666666667,59156.666666666664,1.1866666666666668
2023-07-02,2.726,2.6946666666666665,2.7523333333333335,2.650333333333333,50863.33333333333,-0.7066666666666666
2023-07-03,2.702,2.71,2.728,2.661,42570.0,-2.6
2023-07-04,2.751,2.689,2.758,2.662,50070.0,1.81
2023-07-05,2.643,2.694,2.78,2.63,57570.0,-3.93
2023-07-06,2.599,2.637,2.678,2.579,53430.0,-1.66
2023-07-07,2.57,2.623,2.665,2.526,46470.0,-1.12
2023-07-08,2.5936666666666666,2.604,2.667,2.538,55283.333333333336,0.17333333333333312
2023-07-09,2.6173333333333333,2.585,2.669,2.55,64096.66666666667,1.4666666666666663
2023-07-10,2.641,2.566,2.671,2.562,72910.0,2.76
2023-07-11,2.692,2.639,2.716,2.606,81340.0,1.93
2023-07-12,2.597,2.697,2.712,2.586,99290.0,-3.53
2023-07-13,2.534,2.622,2.631,2.528,120190.0,-2.43
2023-07-14,2.53,2.545,2.592,2.487,115680.0,-0.16
2023-07-15,2.521333333333333,2.5436666666666667,2.5843333333333334,2.4836666666666667,107423.33333333333,-0.44999999999999996
2023-07-16,2.5126666666666666,2.542333333333333,2.5766666666666667,2.4803333333333333,99166.66666666667,-0.74
2023-07-17,2.504,2.541,2.569,2.477,90910.0,-1.03
2023-07-18,2.618,2.529,2.634,2.522,101520.0,4.55
2023-07-19,2.585,2.612,2.642,2.57,81160.0,-1.26
2023-07-20,2.731,2.611,2.759,2.599,147710.0,5.65
2023-07-21,2.707,2.718,2.759,2.684,103190.0,-0.88
2023-07-22,2.7006666666666668,2.7163333333333335,2.76,2.6763333333333335,105233.33333333333,-0.82
2023-07-23,2.6943333333333332,2.7146666666666666,2.761,2.6686666666666667,107276.66666666667,-0.76
2023-07-24,2.688,2.713,2.762,2.661,109320.0,-0.7
2023-07-25,2.747,2.707,2.771,2.672,146120.0,2.19
2023-07-26,2.693,2.734,2.759,2.65,139070.0,-1.97
2023-07-27,2.595,2.684,2.691,2.551,166760.0,-3.64
2023-07-28,2.753,2.717,2.801,2.682,44860.0,6.09
2023-07-29,2.749,2.734,2.802,2.6946666666666665,43416.666666666664,3.913333333333333
2023-07-30,2.745,2.751,2.803,2.7073333333333336,41973.333333333336,1.7366666666666664
2023-07-31,2.741,2.768,2.804,2.72,40530.0,-0.44
2023-08-01,2.672,2.747,2.778,2.644,46740.0,-2.52
2023-08-02,2.586,2.689,2.69,2.57,51000.0,-3.22
2023-08-03,2.67,2.592,2.685,2.58,46830.0,3.25
2023-08-04,2.681,2.658,2.72,2.635,38240.0,0.41
2023-08-05,2.725,2.6656666666666666,2.7613333333333334,2.6479999999999997,52673.333333333336,1.913333333333333
2023-08-06,2.769,2.6733333333333333,2.8026666666666666,2.661,67106.66666666667,3.4166666666666665
2023-08-07,2.813,2.681,2.844,2.674,81540.0,4.92
2023-08-08,2.864,2.828,2.886,2.783,73720.0,1.81
2023-08-09,3.053,2.883,3.096,2.855,138900.0,6.6
2023-08-10,2.87,3.062,3.089,2.857,102460.0,-5.99
2023-08-11,2.882,2.89,2.939,2.817,82580.0,0.42
2023-08-12,2.8873333333333333,2.892333333333333,2.9366666666666665,2.8283333333333336,76440.0,0.4666666666666667
2023-08-13,2.892666666666667,2.8946666666666667,2.9343333333333335,2.8396666666666666,70300.0,0.5133333333333334
2023-08-14,2.898,2.897,2.932,2.851,64160.0,0.56
2023-08-15,2.781,2.913,2.961,2.765,106340.0,-4.04
2023-08-16,2.726,2.78,2.797,2.705,95060.0,-1.98
2023-08-17,2.755,2.742,2.795,2.715,77880.0,1.06
2023-08-18,2.691,2.763,2.774,2.663,92120.0,-2.32
2023-08-19,2.708333333333333,2.7453333333333334,2.7816666666666667,2.6703333333333332,88513.33333333333,-0.9033333333333331
2023-08-20,2.7256666666666667,2.7276666666666665,2.7893333333333334,2.6776666666666666,84906.66666666667,0.5133333333333336
2023-08-21,2.743,2.71,2.797,2.685,81300.0,1.93
2023-08-22,2.652,2.732,2.737,2.632,101070.0,-3.32
2023-08-23,2.592,2.654,2.673,2.57,113800.0,-2.26
2023-08-24,2.636,2.583,2.68,2.529,153980.0,1.7
2023-08-25,2.657,2.631,2.679,2.585,99620.0,0.8
2023-08-26,2.659666666666667,2.667333333333333,2.729,2.607666666666667,129423.33333333333,0.6333333333333334
2023-08-27,2.662333333333333,2.703666666666667,2.779,2.630333333333333,159226.66666666666,0.46666666666666673
2023-08-28,2.665,2.74,2.829,2.653,189030.0,0.3
2023-08-29,2.662,2.685,2.699,2.622,145380.0,-0.11
2023-08-30,3.181,3.083,3.196,3.039,60750.0,19.5
2023-08-31,3.147,3.191,3.242,3.117,68870.0,-1.07
2023-09-01,3.111,3.136,3.213,3.096,55190.0,-1.14
2023-09-02,2.891,2.914,2.9535,2.874,59445.0,-7.64
2023-09-03,2.671,2.692,2.694,2.652,63700.0,-14.14
2023-09-04,2.647,2.671,2.708,2.642,67955.0,-0.9
2023-09-05,2.991,3.05,3.075,2.976,72210.0,13.0
2023-09-06,2.943,2.994,3.018,2.92,55160.0,-1.6
2023-09-07,2.958,2.945,3.004,2.901,73220.0,0.51
2023-09-08,2.966,2.946,3.025,2.942,68750.0,0.27
2023-09-09,2.9563333333333333,2.9543333333333335,3.0076666666666667,2.931,72493.33333333333,-0.14666666666666667
2023-09-10,2.9466666666666668,2.962666666666667,2.990333333333333,2.92,76236.66666666667,-0.5633333333333334
2023-09-11,2.937,2.971,2.973,2.909,79980.0,-0.98
2023-09-12,3.015,2.949,3.061,2.93,135120.0,2.66
2023-09-13,2.987,3.019,3.042,2.953,132250.0,-0.93
2023-09-14,2.983,3.005,3.088,2.975,112570.0,-0.13
2023-09-15,2.932,2.987,2.997,2.927,87640.0,-1.71
2023-09-16,2.955,2.964,3.001,2.9106666666666667,96806.66666666667,-0.35666666666666647
2023-09-17,2.9779999999999998,2.9410000000000003,3.005,2.8943333333333334,105973.33333333333,0.996666666666667
2023-09-18,3.001,2.918,3.009,2.878,115140.0,2.35
2023-09-19,3.026,2.994,3.072,2.975,128380.0,0.83
2023-09-20,2.921,3.009,3.016,2.901,145730.0,-3.47
2023-09-21,2.84,2.925,2.963,2.832,123550.0,-2.77
2023-09-22,2.879,2.844,2.912,2.834,105570.0,1.37
2023-09-23,2.888,2.859,2.9203333333333332,2.8433333333333333,105520.0,1.2266666666666668
2023-09-24,2.8970000000000002,2.8739999999999997,2.9286666666666665,2.852666666666667,105470.0,1.0833333333333333
2023-09-25,2.906,2.889,2.937,2.862,105420.0,0.94
2023-09-26,2.845,2.904,2.906,2.796,167230.0,-2.1
2023-09-27,2.899,2.858,2.947,2.85,136010.0,1.9
2023-09-28,3.34,3.29,3.356,3.269,39840.0,15.21
2023-09-29,3.312,3.343,3.382,3.255,38960.0,-0.84
2023-09-30,3.2856666666666667,3.3373333333333335,3.365666666666667,3.244666666666667,41180.0,-1.3566666666666667
2023-10-01,3.259333333333333,3.3316666666666666,3.3493333333333335,3.2343333333333333,43400.0,-1.8733333333333335
2023-10-02,3.233,3.326,3.333,3.224,45620.0,-2.39
2023-10-03,3.313,3.237,3.327,3.216,41760.0,2.47
2023-10-04,3.32,3.307,3.396,3.303,56630.0,0.21
2023-10-05,3.511,3.334,3.547,3.324,76340.0,5.75
2023-10-06,3.641,3.537,3.659,3.521,106070.0,3.7
2023-10-07,3.6376666666666666,3.577,3.691333333333333,3.5456666666666665,98816.66666666667,2.376666666666667
2023-10-08,3.634333333333333,3.617,3.7236666666666665,3.5703333333333336,91563.33333333333,1.0533333333333332
2023-10-09,3.631,3.657,3.756,3.595,84310.0,-0.27
2023-10-10,3.659,3.642,3.695,3.603,76430.0,0.77
2023-10-11,3.658,3.679,3.725,3.525,92680.0,-0.03
2023-10-12,3.639,3.659,3.699,3.582,69220.0,-0.52
2023-10-13,3.584,3.636,3.639,3.535,75910.0,-1.51
2023-10-14,3.549,3.603666666666667,3.6056666666666666,3.502666666666667,83676.66666666667,-1.9833333333333334
2023-10-15,3.5140000000000002,3.5713333333333335,3.5723333333333334,3.4703333333333335,91443.33333333333,-2.456666666666667
2023-10-16,3.479,3.539,3.539,3.438,99210.0,-2.93
2023-10-17,3.468,3.481,3.512,3.408,78130.0,-0.32
2023-10-18,3.463,3.45,3.542,3.441,80980.0,-0.14
2023-10-19,3.326,3.485,3.498,3.317,100080.0,-3.96
2023-10-20,3.258,3.324,3.329,3.247,123460.0,-2.04
2023-10-21,3.263,3.2993333333333332,3.3183333333333334,3.236666666666667,115670.0,-1.2066666666666666
2023-10-22,3.2680000000000002,3.2746666666666666,3.307666666666667,3.2263333333333333,107880.0,-0.3733333333333333
2023-10-23,3.273,3.25,3.297,3.216,100090.0,0.46
2023-10-24,3.322,3.278,3.349,3.253,114030.0,1.5
2023-10-25,3.376,3.331,3.406,3.317,96490.0,1.63
2023-10-26,3.477,3.399,3.544,3.363,190450.0,2.99
2023-10-27,3.483,3.511,3.643,3.435,140960.0,0.17
2023-10-28,3.5183333333333335,3.5536666666666665,3.644333333333333,3.477666666666667,112730.0,1.1266666666666667
2023-10-29,3.5536666666666665,3.5963333333333334,3.6456666666666666,3.5203333333333333,84500.0,2.0833333333333335
2023-10-30,3.589,3.639,3.647,3.563,56270.0,3.04
2023-10-31,3.813,3.567,3.865,3.558,150580.0,6.24
2023-11-01,3.753,3.84,3.841,3.684,77520.0,-1.57
2023-11-02,3.75,3.763,3.799,3.673,67460.0,-0.08
2023-11-03,3.795,3.794,3.856,3.738,53250.0,1.2
2023-11-04,3.718,3.7493333333333334,3.8016666666666667,3.6773333333333333,70596.66666666667,-1.2300000000000002
2023-11-05,3.641,3.7046666666666668,3.747333333333333,3.6166666666666667,87943.33333333334,-3.66
2023-11-06,3.564,3.66,3.693,3.556,105290.0,-6.09
2023-11-07,3.463,3.566,3.593,3.458,124130.0,-2.83
2023-11-08,3.389,3.496,3.514,3.345,131590.0,-2.14
2023-11-09,3.333,3.4,3.426,3.299,111080.0,-1.65
2023-11-10,3.284,3.327,3.343,3.273,87040.0,-1.47
2023-11-11,3.3226666666666667,3.3223333333333334,3.3746666666666667,3.2856666666666667,100400.0,0.19666666666666677
2023-11-12,3.361333333333333,3.3176666666666668,3.4063333333333334,3.2983333333333333,113760.0,1.8633333333333335
2023-11-13,3.4,3.313,3.438,3.311,127120.0,3.53
2023-11-14,3.316,3.435,3.465,3.297,102150.0,-2.47
2023-11-15,3.362,3.316,3.448,3.269,109450.0,1.39
2023-11-16,3.239,3.326,3.407,3.188,166400.0,-3.66
2023-11-17,3.131,3.227,3.275,3.068,146650.0,-3.33
2023-11-18,3.1039999999999996,3.1896666666666667,3.2279999999999998,3.058666666666667,138163.33333333334,-3.0833333333333335
2023-11-19,3.077,3.1523333333333334,3.181,3.0493333333333332,129676.66666666667,-2.8366666666666664
2023-11-20,3.05,3.115,3.134,3.04,121190.0,-2.59
2023-11-21,2.993,3.047,3.084,2.986,131770.0,-1.87
2023-11-22,3.033,2.994,3.055,2.961,139530.0,1.34
2023-11-23,2.93,2.88,2.938,2.861,129200.0,-3.4
2023-11-24,2.999,3.035,3.095,2.933,118870.0,2.35
2023-11-25,2.9813333333333336,2.998,3.0486666666666666,2.911,134050.0,0.9766666666666668
2023-11-26,2.9636666666666667,2.961,3.0023333333333335,2.889,149230.0,-0.3966666666666665
2023-11-27,2.946,2.924,2.956,2.867,164410.0,-1.77
2023-11-28,2.837,2.947,2.992,2.786,187190.0,-3.7
2023-11-29,2.769,2.757,2.83,2.728,46450.0,-2.4
2023-11-30,2.763,2.761,2.814,2.724,44650.0,-0.22
2023-12-01,2.773,2.77,2.801,2.712,48470.0,0.36
2023-12-02,2.7323333333333335,2.7416666666666667,2.768666666666667,2.6773333333333333,50256.666666666664,-1.226666666666667
2023-12-03,2.6916666666666664,2.7133333333333334,2.7363333333333335,2.642666666666667,52043.333333333336,-2.813333333333334
2023-12-04,2.651,2.685,2.704,2.608,53830.0,-4.4
2023-12-05,2.667,2.655,2.738,2.632,42490.0,0.6
2023-12-06,2.517,2.658,2.707,2.492,82950.0,-5.62
2023-12-07,2.52,2.522,2.555,2.436,125250.0,0.12
2023-12-08,2.504,2.487,2.534,2.459,88300.0,-0.63
2023-12-09,2.4526666666666666,2.4606666666666666,2.4949999999999997,2.3783333333333334,106966.66666666667,-2.47
2023-12-10,2.4013333333333335,2.4343333333333335,2.456,2.2976666666666667,125633.33333333334,-4.3100000000000005
2023-12-11,2.35,2.408,2.417,2.217,144300.0,-6.15
2023-12-12,2.24,2.359,2.369,2.223,113430.0,-4.68
2023-12-13,2.292,2.225,2.342,2.187,148820.0,2.32
2023-12-14,2.347,2.309,2.374,2.28,101860.0,2.4
2023-12-15,2.425,2.366,2.467,2.327,114210.0,3.32
2023-12-16,2.4219999999999997,2.388666666666667,2.481,2.355,108470.0,2.09
2023-12-17,2.419,2.4113333333333333,2.495,2.383,102730.0,0.8599999999999999
2023-12-18,2.416,2.434,2.509,2.411,96990.0,-0.37
2023-12-19,2.366,2.429,2.44,2.288,124830.0,-2.07
2023-12-20,2.347,2.425,2.451,2.317,116980.0,-0.8
2023-12-21,2.459,2.331,2.492,2.313,139730.0,4.77
2023-12-22,2.49,2.465,2.501,2.41,90400.0,1.26
2023-12-23,2.466,2.4516666666666667,2.481333333333333,2.4116666666666666,96430.0,-0.12333333333333352
2023-12-24,2.442,2.438333333333333,2.461666666666667,2.4133333333333336,102460.0,-1.506666666666667
2023-12-25,2.418,2.425,2.442,2.415,108490.0,-2.89
2023-12-26,2.419,2.445,2.445,2.356,114520.0,0.04
2023-12-27,2.437,2.429,2.57,2.429,129270.00000000001,0.74
2023-12-28,2.377,2.302,2.392,2.266,68450.0,-2.46
2023-12-29,2.327,2.371,2.395,2.307,69880.0,-2.1
2023-12-30,2.4403333333333332,2.452,2.486666666666667,2.409333333333333,73342.5,3.47
2023-12-31,2.5536666666666665,2.533,2.578333333333333,2.5116666666666667,76805.0,9.040000000000001
2024-01-01,2.667,2.614,2.67,2.614,80267.5,14.61
2024-01-02,2.386,2.398,2.467,2.349,83730.0,-10.54
2024-01-03,2.448,2.381,2.503,2.367,110280.0,2.6
2024-01-04,2.559,2.472,2.59,2.467,118260.0,4.53
2024-01-05,2.621,2.58,2.631,2.467,118410.0,2.42
2024-01-06,2.6133333333333333,2.603,2.6386666666666665,2.4546666666666668,136656.66666666666,1.32
2024-01-07,2.6056666666666666,2.626,2.646333333333333,2.4423333333333335,154903.33333333334,0.2200000000000002
2024-01-08,2.598,2.649,2.654,2.43,173150.0,-0.88
2024-01-09,2.697,2.565,2.791,2.529,248560.0,3.81
2024-01-10,2.562,2.697,2.71,2.535,186150.0,-5.01
2024-01-11,2.54,2.551,2.644,2.494,179050.0,-0.86
2024-01-12,2.617,2.557,2.647,2.543,172290.0,3.03
2024-01-13,2.864,2.8305,2.892,2.81,172730.0,10.955
2024-01-14,3.111,3.104,3.137,3.077,173170.0,18.88
2024-01-15,3.066,3.112,3.188,3.055,173610.0,-1.45
2024-01-16,2.477,2.545,2.545,2.409,174050.0,-19.21
2024-01-17,2.496,2.438,2.516,2.402,126630.0,0.77
2024-01-18,2.413,2.496,2.496,2.364,138740.0,-3.33
2024-01-19,2.252,2.42,2.421,2.237,169180.0,-6.67
2024-01-20,2.2096666666666667,2.335,2.343,2.196,174283.33333333334,-6.326666666666666
2024-01-21,2.167333333333333,2.25,2.2649999999999997,2.155,179386.66666666666,-5.983333333333333
2024-01-22,2.125,2.165,2.187,2.114,184490.0,-5.64
2024-01-23,2.167,2.133,2.194,2.079,141100.0,1.98
2024-01-24,2.262,2.213,2.29,2.19,182130.0,4.38
2024-01-25,2.18,2.288,2.334,2.158,188520.0,-3.63
2024-01-26,2.175,2.19,2.235,2.093,214990.0,-0.23
2024-01-27,2.1346666666666665,2.1796666666666664,2.2119999999999997,2.0776666666666666,198200.0,-2.0066666666666664
2024-01-28,2.094333333333333,2.1693333333333333,2.189,2.0623333333333336,181410.0,-3.7833333333333328
2024-01-29,2.054,2.159,2.166,2.047,164620.0,-5.56
2024-01-30,2.104,2.095,2.143,2.082,71410.0,2.43
2024-01-31,2.121,2.112,2.175,2.063,63900.0,0.81
2024-02-01,2.064,2.151,2.177,2.047,90380.0,-2.69
2024-02-02,2.086,2.067,2.106,2.034,61510.0,1.07
2024-02-03,2.082,2.082666666666667,2.114,2.0376666666666665,65176.666666666664,0.5200000000000001
2024-02-04,2.078,2.098333333333333,2.122,2.041333333333333,68843.33333333333,-0.029999999999999805
2024-02-05,2.074,2.114,2.13,2.045,72510.0,-0.58
2024-02-06,2.007,2.054,2.072,1.996,85690.0,-3.23
2024-02-07,1.98,2.0,2.035,1.967,108620.0,-1.35
2024-02-08,1.948,1.981,1.994,1.9,130050.00000000001,-1.62
2024-02-09,1.885,1.915,1.921,1.852,141200.0,-3.23
2024-02-10,1.8566666666666667,1.8903333333333334,1.9106666666666667,1.8246666666666667,145566.66666666666,-3.6566666666666667
2024-02-11,1.8283333333333334,1.8656666666666666,1.9003333333333332,1.7973333333333334,149933.33333333334,-4.083333333333333
2024-02-12,1.8,1.841,1.89,1.77,154300.0,-4.51
2024-02-13,1.742,1.793,1.826,1.707,195550.0,-3.22
2024-02-14,1.665,1.725,1.744,1.64,162740.0,-4.42
2024-02-15,1.647,1.672,1.718,1.633,142080.0,-1.08
2024-02-16,1.68,1.654,1.704,1.638,146710.0,2.0
2024-02-17,1.6155,1.5905,1.6345,1.5825,154642.5,-2.84
2024-02-18,1.551,1.527,1.565,1.527,162575.0,-7.68
2024-02-19,1.558,1.552,1.583,1.54,170507.5,0.45
2024-02-20,1.646,1.62,1.783,1.6,178440.0,5.65
2024-02-21,1.863,1.792,1.877,1.749,233770.0,13.18
2024-02-22,1.832,1.863,1.868,1.752,183310.0,-1.66
2024-02-23,1.699,1.817,1.819,1.683,161170.0,-7.26
2024-02-24,1.714,1.7946666666666666,1.824,1.694,185850.0,-3.9566666666666666
2024-02-25,1.729,1.7723333333333333,1.829,1.705,210530.0,-0.6533333333333333
2024-02-26,1.744,1.75,1.834,1.716,235210.0,2.65
2024-02-27,1.808,1.751,1.838,1.71,179940.0,3.67
2024-02-28,2.052,1.965,2.071,1.94,87150.0,13.5
2024-02-29,2.008,2.044,2.064,1.988,97380.0,-2.14
2024-03-01,1.975,1.993,2.021,1.948,65209.99999999999,-1.64
2024-03-02,2.0076666666666667,1.9993333333333334,2.058,1.969,82263.33333333333,0.5599999999999998
2024-03-03,2.0403333333333333,2.0056666666666665,2.095,1.99,99316.66666666666,2.76
2024-03-04,2.073,2.012,2.132,2.011,116370.0,4.96
2024-03-05,2.095,2.076,2.152,2.039,82940.0,1.06
2024-03-06,2.072,2.088,2.115,2.061,72080.0,-1.1
2024-03-07,1.952,2.075,2.087,1.926,142910.0,-5.79
2024-03-08,1.923,1.942,1.955,1.896,131960.0,-1.49
2024-03-09,1.9026666666666667,1.9346666666666665,1.957,1.8813333333333333,133950.0,-2.05
2024-03-10,1.8823333333333334,1.9273333333333333,1.959,1.8666666666666667,135940.0,-2.61
2024-03-11,1.862,1.92,1.961,1.852,137930.0,-3.17
2024-03-12,1.823,1.855,1.921,1.8,169860.0,-2.09
2024-03-13,1.784,1.822,1.833,1.766,157540.0,-2.14
2024-03-14,1.862,1.791,1.884,1.761,136510.0,4.37
2024-03-15,1.789,1.875,1.893,1.781,137150.0,-3.92
2024-03-16,1.8036666666666665,1.858,1.89,1.7876666666666665,130876.66666666667,-1.7933333333333334
2024-03-17,1.8183333333333334,1.841,1.887,1.7943333333333333,124603.33333333333,0.33333333333333304
2024-03-18,1.833,1.824,1.884,1.801,118330.0,2.46
2024-03-19,1.876,1.844,1.89,1.832,122800.0,2.35
2024-03-20,1.845,1.882,1.9,1.824,136830.0,-1.65
2024-03-21,1.831,1.839,1.855,1.797,143830.0,-0.76
2024-03-22,1.812,1.838,1.859,1.791,105070.0,-1.04
2024-03-23,1.8043333333333333,1.831,1.8476666666666666,1.78,119223.33333333333,-1.1166666666666667
2024-03-24,1.7966666666666666,1.824,1.8363333333333334,1.769,133376.66666666666,-1.1933333333333334
2024-03-25,1.789,1.817,1.825,1.758,147530.0,-1.27
2024-03-26,1.788,1.805,1.83,1.775,123170.0,-0.06
2024-03-27,1.953,2.012,2.014,1.943,47250.0,9.23
2024-03-28,1.997,1.954,2.017,1.928,45870.0,2.25
2024-03-29,2.01625,1.96525,2.03475,1.9355,51332.5,2.6525
2024-03-30,2.0355,1.9765000000000001,2.0525,1.943,56795.0,3.0549999999999997
2024-03-31,2.05475,1.9877500000000001,2.07025,1.9505,62257.5,3.4575
2024-04-01,2.074,1.999,2.088,1.958,67720.0,3.86
2024-04-02,2.105,2.075,2.115,2.018,66680.0,1.49
2024-04-03,2.067,2.093,2.136,2.06,56650.0,-1.81
2024-04-04,1.997,2.068,2.074,1.992,93950.0,-3.39
2024-04-05,2.01,2.001,2.036,1.972,75180.0,0.65
2024-04-06,2.0236666666666667,1.9993333333333332,2.043,1.973,82436.66666666667,1.1133333333333333
2024-04-07,2.037333333333333,1.9976666666666667,2.05,1.974,89693.33333333333,1.5766666666666667
2024-04-08,2.051,1.996,2.057,1.975,96950.0,2.04
2024-04-09,2.064,2.046,2.11,2.037,109830.0,0.63
2024-04-10,2.074,2.085,2.118,2.054,86430.0,0.48
2024-04-11,2.0,2.061,2.074,1.992,120910.0,-3.57
2024-04-12,2.029,2.005,2.043,1.973,94170.0,1.45
2024-04-13,2.001333333333333,2.015,2.0460000000000003,1.959,98050.0,-0.3966666666666667
2024-04-14,1.9736666666666667,2.025,2.049,1.945,101930.0,-2.243333333333333
2024-04-15,1.946,2.035,2.052,1.931,105810.0,-4.09
2024-04-16,1.988,1.946,2.046,1.907,133970.0,2.16
2024-04-17,1.962,1.94,1.976,1.914,97830.0,-1.31
2024-04-18,1.986,1.971,2.004,1.964,106140.0,1.22
2024-04-19,1.988,1.974,2.029,1.951,112540.0,0.1
2024-04-20,2.0136666666666665,1.9786666666666666,2.0433333333333334,1.9543333333333335,113766.66666666667,1.3566666666666667
2024-04-21,2.0393333333333334,1.9833333333333334,2.0576666666666665,1.9576666666666667,114993.33333333333,2.6133333333333333
2024-04-22,2.065,1.988,2.072,1.961,116220.0,3.87
2024-04-23,2.094,2.07,2.14,2.018,150380.0,1.4
2024-04-24,1.979,2.128,2.133,1.96,182160.0,-5.49
2024-04-25,1.986,1.969,1.993,1.926,158310.0,0.35
2024-04-26,1.923,1.977,2.002,1.909,119520.0,-3.17
2024-04-27,2.073,2.078666666666667,2.1316666666666664,2.0323333333333333,106493.33333333333,5.686666666666667
2024-04-28,2.2230000000000003,2.1803333333333335,2.2613333333333334,2.155666666666667,93466.66666666667,14.543333333333335
2024-04-29,2.373,2.282,2.391,2.279,80440.0,23.4
2024-04-30,2.319,2.394,2.42,2.287,80030.0,-2.28
2024-05-01,2.266,2.285,2.3,2.255,74760.0,-2.29
2024-05-02,2.331,2.263,2.344,2.261,70430.0,2.87
2024-05-03,2.416,2.333,2.43,2.305,104780.0,3.65
2024-05-04,2.4316666666666666,2.3683333333333336,2.4603333333333333,2.3353333333333333,103490.0,3.083333333333333
2024-05-05,2.4473333333333334,2.4036666666666666,2.490666666666667,2.365666666666667,102200.0,2.5166666666666666
2024-05-06,2.463,2.439,2.521,2.396,100910.0,1.95
2024-05-07,2.471,2.476,2.493,2.423,92670.0,0.32
2024-05-08,2.474,2.479,2.533,2.45,111540.0,0.12
2024-05-09,2.537,2.47,2.561,2.438,160910.0,2.55
2024-05-10,2.484,2.539,2.567,2.473,119370.0,-2.09
2024-05-11,2.5183333333333335,2.5183333333333335,2.574666666666667,2.4643333333333333,119250.0,-0.009999999999999787
2024-05-12,2.5526666666666666,2.4976666666666665,2.582333333333333,2.4556666666666667,119130.0,2.0700000000000003
2024-05-13,2.587,2.477,2.59,2.447,119010.0,4.15
2024-05-14,2.559,2.576,2.61,2.52,104010.0,-1.08
2024-05-15,2.631,2.559,2.637,2.542,129400.0,2.81
2024-05-16,2.687,2.622,2.753,2.609,152350.0,2.13
2024-05-17,2.789,2.681,2.809,2.673,146530.0,3.8
2024-05-18,2.8263333333333334,2.7256666666666667,2.841,2.7103333333333333,155046.66666666666,3.873333333333333
2024-05-19,2.8636666666666666,2.7703333333333333,2.8729999999999998,2.747666666666667,163563.33333333334,3.9466666666666663
2024-05-20,2.901,2.815,2.905,2.785,172080.0,4.02
2024-05-21,2.839,2.891,2.945,2.802,156130.0,-2.14
2024-05-22,3.052,2.834,3.06,2.786,213500.0,7.5
2024-05-23,2.923,3.004,3.161,2.896,274510.0,-4.23
2024-05-24,2.773,2.938,2.965,2.759,165960.0,-5.13
2024-05-25,2.7605000000000004,2.8425000000000002,2.8625,2.7455,177425.0,-3.015
2024-05-26,2.748,2.747,2.76,2.732,188890.0,-0.9
2024-05-27,2.78,2.747,2.853,2.742,200355.0,1.16
2024-05-28,2.825,2.761,2.853,2.732,211820.0,1.62
2024-05-29,2.666,2.836,2.848,2.655,161400.0,-5.63
2024-05-30,2.647,2.715,2.731,2.637,73510.0,-0.71
2024-05-31,2.662,2.647,2.701,2.605,61480.0,0.57
2024-06-01,2.7093333333333334,2.67,2.7506666666666666,2.6326666666666667,74073.33333333333,2.1566666666666667
2024-06-02,2.7566666666666664,2.693,2.8003333333333336,2.6603333333333334,86666.66666666667,3.743333333333333
2024-06-03,2.804,2.716,2.85,2.688,99260.0,5.33
2024-06-04,2.67,2.814,2.874,2.656,87220.0,-4.78
2024-06-05,2.828,2.694,2.854,2.681,76260.0,5.92
2024-06-06,2.892,2.829,2.946,2.796,73600.0,2.26
2024-06-07,2.996,2.883,3.037,2.871,93240.0,3.6
2024-06-08,2.9896666666666665,2.9403333333333332,3.0789999999999997,2.8956666666666666,97553.33333333333,2.19
2024-06-09,2.9833333333333334,2.997666666666667,3.121,2.9203333333333332,101866.66666666667,0.7799999999999998
2024-06-10,2.977,3.055,3.163,2.945,106180.0,-0.63
2024-06-11,3.193,3.046,3.221,3.031,85320.0,7.26
2024-06-12,3.122,3.194,3.194,3.073,101310.0,-2.22
2024-06-13,3.037,3.104,3.167,2.978,94270.0,-2.72
2024-06-14,2.963,3.0,3.068,2.95,80260.0,-2.44
2024-06-15,2.931,2.9766666666666666,3.0220000000000002,2.9123333333333337,85796.66666666667,-2.7066666666666666
2024-06-16,2.899,2.9533333333333336,2.976,2.8746666666666667,91333.33333333333,-2.9733333333333336
2024-06-17,2.867,2.93,2.93,2.837,96870.0,-3.24
2024-06-18,2.99,2.87,2.997,2.858,91140.0,4.29
2024-06-19,2.916,2.904,2.928,2.859,111475.0,-2.47
2024-06-20,2.854,2.995,3.027,2.833,131810.0,-2.13
2024-06-21,2.836,2.838,2.888,2.793,104880.0,-0.63
2024-06-22,2.873333333333333,2.8296666666666668,2.9096666666666664,2.788666666666667,116453.33333333333,0.8966666666666666
2024-06-23,2.9106666666666667,2.8213333333333335,2.9313333333333333,2.784333333333333,128026.66666666667,2.4233333333333333
2024-06-24,2.948,2.813,2.953,2.78,139600.0,3.95
2024-06-25,2.863,2.943,2.951,2.831,158420.0,-2.88
2024-06-26,2.745,2.85,2.863,2.731,141350.0,-4.12
2024-06-27,2.675,2.725,2.773,2.665,61990.0,-2.55
2024-06-28,2.598,2.694,2.749,2.591,80150.0,-2.88
2024-06-29,2.5626666666666664,2.6563333333333334,2.6990000000000003,2.552,89100.0,-3.28
2024-06-30,2.5273333333333334,2.6186666666666665,2.649,2.5130000000000003,98050.0,-3.68
2024-07-01,2.492,2.581,2.599,2.474,107000.0,-4.08
2024-07-02,2.454,2.482,2.497,2.436,96170.0,-1.52
2024-07-03,2.447,2.485,2.503,2.434,70970.0,-0.29
2024-07-04,2.371,2.431,2.439,2.335,84700.0,-3.11
2024-07-05,2.35,2.459,2.466,2.347,98430.0,-0.89
2024-07-06,2.360666666666667,2.406,2.449666666666667,2.3313333333333333,107860.0,-0.14
2024-07-07,2.3713333333333333,2.3529999999999998,2.433333333333333,2.3156666666666665,117290.0,0.61
2024-07-08,2.382,2.3,2.417,2.3,126720.0,1.36
2024-07-09,2.36,2.384,2.454,2.351,106050.0,-0.92
2024-07-10,2.345,2.366,2.396,2.313,107300.0,-0.64
2024-07-11,2.282,2.339,2.353,2.277,100060.0,-2.69
2024-07-12,2.331,2.287,2.357,2.252,101060.0,2.15
2024-07-13,2.28,2.2856666666666667,2.332666666666667,2.2236666666666665,121526.66666666667,-0.753333333333333
2024-07-14,2.229,2.284333333333333,2.308333333333333,2.195333333333333,141993.33333333334,-3.656666666666666
2024-07-15,2.178,2.283,2.284,2.167,162460.0,-6.56
2024-07-16,2.206,2.189,2.235,2.171,121320.0,1.29
2024-07-17,2.071,2.203,2.224,2.055,187040.0,-6.12
2024-07-18,2.168,2.088,2.172,2.063,147920.0,4.68
2024-07-19,2.165,2.128,2.179,2.095,101000.0,-0.14
2024-07-20,2.2053333333333334,2.1336666666666666,2.2199999999999998,2.107,114356.66666666667,1.77
2024-07-21,2.2456666666666667,2.1393333333333335,2.261,2.1189999999999998,127713.33333333333,3.6799999999999997
2024-07-22,2.286,2.145,2.302,2.131,141070.0,5.59
2024-07-23,2.224,2.279,2.29,2.16,127420.0,-2.71
2024-07-24,2.158,2.19,2.208,2.139,133120.0,-2.97
2024-07-25,2.072,2.161,2.193,2.064,158130.0,-3.99
2024-07-26,2.051,2.082,2.096,2.039,149810.0,-1.01
2024-07-27,2.0460000000000003,2.0723333333333334,2.098,2.025666666666667,154100.0,-0.9166666666666666
2024-07-28,2.041,2.0626666666666664,2.1,2.0123333333333333,158390.0,-0.8233333333333334
2024-07-29,2.036,2.053,2.102,1.999,162680.0,-0.73
2024-07-30,2.244,2.189,2.252,2.113,71340.0,10.22
2024-07-31,2.162,2.241,2.261,2.149,79090.0,-3.65
2024-08-01,2.096,2.158,2.243,2.093,97440.0,-3.05
2024-08-02,2.078,2.114,2.147,2.041,87310.0,-0.86
2024-08-03,2.0669999999999997,2.0989999999999998,2.1256666666666666,2.0243333333333333,81426.66666666667,-1.1033333333333333
2024-08-04,2.056,2.084,2.1043333333333334,2.0076666666666667,75543.33333333333,-1.3466666666666667
2024-08-05,2.045,2.069,2.083,1.991,69660.0,-1.59
2024-08-06,2.121,2.058,2.14,2.015,83460.0,3.72
2024-08-07,2.239,2.133,2.247,2.125,118660.0,5.56
2024-08-08,2.27,2.228,2.321,2.161,135050.0,1.38
2024-08-09,2.292,2.29,2.333,2.247,103640.0,0.97
2024-08-10,2.3086666666666664,2.297,2.3533333333333335,2.265,102220.0,1.3733333333333333
2024-08-11,2.3253333333333335,2.304,2.373666666666667,2.283,100800.0,1.7766666666666668
2024-08-12,2.342,2.311,2.394,2.301,99380.0,2.18
2024-08-13,2.28,2.324,2.373,2.267,119240.0,-2.65
2024-08-14,2.343,2.288,2.395,2.272,126590.0,2.76
2024-08-15,2.332,2.345,2.421,2.317,121870.0,-0.47
2024-08-16,2.247,2.341,2.343,2.237,107160.0,-3.64
2024-08-17,2.2836666666666665,2.3106666666666666,2.3533333333333335,2.233,116046.66666666667,-0.793333333333333
2024-08-18,2.3203333333333336,2.2803333333333335,2.3636666666666666,2.229,124933.33333333333,2.053333333333334
2024-08-19,2.357,2.25,2.374,2.225,133820.0,4.9
2024-08-20,2.33,2.367,2.401,2.301,100470.0,-1.15
2024-08-21,2.314,2.333,2.364,2.271,105720.0,-0.69
2024-08-22,2.194,2.328,2.337,2.167,166910.0,-5.19
2024-08-23,2.18,2.201,2.211,2.154,112320.0,-0.64
2024-08-24,2.1633333333333336,2.1873333333333336,2.2026666666666666,2.1406666666666667,115320.0,-1.19
2024-08-25,2.1466666666666665,2.1736666666666666,2.1943333333333332,2.127333333333333,118320.0,-1.7399999999999998
2024-08-26,2.13,2.16,2.186,2.114,121320.0,-2.29
2024-08-27,2.085,2.123,2.126,2.045,182030.0,-2.11
2024-08-28,2.097,2.085,2.14,2.021,165220.0,0.58
2024-08-29,2.529,2.524,2.552,2.454,62680.0,20.6
2024-08-30,2.498,2.535,2.553,2.479,66970.0,-1.23
2024-08-31,2.511,2.52925,2.5575,2.4690000000000003,74560.0,-0.40249999999999997
2024-09-01,2.524,2.5235000000000003,2.5620000000000003,2.459,82150.0,0.42500000000000004
2024-09-02,2.537,2.51775,2.5665,2.449,89740.0,1.2525
2024-09-03,2.55,2.512,2.571,2.439,97330.0,2.08
2024-09-04,2.506,2.541,2.612,2.499,62740.0,-1.73
2024-09-05,2.579,2.503,2.614,2.482,74260.0,2.91
2024-09-06,2.597,2.58,2.615,2.561,60760.0,0.7
2024-09-07,2.5736666666666665,2.5723333333333334,2.603666666666667,2.5426666666666664,76923.33333333333,-0.43333333333333357
2024-09-08,2.5503333333333336,2.5646666666666667,2.5923333333333334,2.5243333333333333,93086.66666666667,-1.566666666666667
2024-09-09,2.527,2.557,2.581,2.506,109250.0,-2.7
2024-09-10,2.545,2.516,2.58,2.497,111760.0,0.71
2024-09-11,2.577,2.538,2.597,2.513,114660.0,1.26
2024-09-12,2.633,2.583,2.666,2.533,138040.0,2.17
2024-09-13,2.589,2.638,2.666,2.575,109160.0,-1.67
2024-09-14,2.6056666666666666,2.6186666666666665,2.6626666666666665,2.565666666666667,109056.66666666667,-0.47
2024-09-15,2.622333333333333,2.5993333333333335,2.6593333333333335,2.5563333333333333,108953.33333333333,0.73
2024-09-16,2.639,2.58,2.656,2.547,108850.0,1.93
2024-09-17,2.613,2.645,2.691,2.603,118350.0,-0.99
2024-09-18,2.565,2.606,2.656,2.56,95430.0,-1.84
2024-09-19,2.595,2.568,2.604,2.505,138180.0,1.17
2024-09-20,2.719,2.603,2.743,2.582,183090.0,4.78
2024-09-21,2.764,2.6470000000000002,2.7866666666666666,2.6306666666666665,192806.66666666666,4.843333333333334
2024-09-22,2.809,2.691,2.8303333333333334,2.6793333333333336,202523.33333333334,4.906666666666666
2024-09-23,2.854,2.735,2.874,2.728,212240.0,4.97
2024-09-24,2.791,2.861,2.895,2.776,153220.0,-2.21
2024-09-25,2.817,2.814,2.887,2.795,183260.0,0.93
2024-09-26,2.753,2.829,2.883,2.731,187370.0,-2.27
2024-09-27,3.304,3.173,3.332,3.145,78660.0,20.01
2024-09-28,3.3176666666666668,3.216,3.344,3.188,75073.33333333333,13.753333333333334
2024-09-29,3.3313333333333333,3.259,3.356,3.231,71486.66666666667,7.496666666666666
2024-09-30,3.345,3.302,3.368,3.274,67900.0,1.24
