MYRUSD,SGDUSD,THBUSD,USDIDR
4.419041019468453,0.3761851583945928,3.3780262568479382,-4.079549108423929
4.419041019468453,0.3761851583945928,3.3780262568479382,-4.079549108423929
4.419041019468453,0.3761851583945928,3.3780262568479382,-4.079549108423929
4.367444846158945,-0.014675458120017217,3.198768037039447,-3.8159276509736744
4.204347474255883,-0.12812121969513,3.2791470352534935,-3.5437496512749327
4.064421729808827,-0.3571434688063934,3.117085895739192,-3.3159944664614867
3.8683133112469688,-0.5017521524569138,2.6177065892739266,-3.4629648005020752
3.902297422691714,-0.3964027836785517,2.593517238835024,-3.556943336339221
3.9362815341364676,-0.2910534149001895,2.5693278883961224,-3.650921872176365
3.970265645581232,-0.18570404612182737,2.5451385379573903,-3.744900408013511
4.061314838615173,-0.06062834091783173,2.655969345786545,-3.8168811624781593
4.2026885131135305,0.32090187802136005,3.0857523772717146,-3.8506579274762425
4.30719308155934,0.661481098325482,3.2176337625651623,-3.8172895230075152
4.35393521097049,0.6625021581292828,3.316229577815349,-3.9157707433679074
4.332394601126353,0.5896796700621072,3.332581451087065,-3.8742253053526854
4.310853991282225,0.5168571819949181,3.348933324358824,-3.8326798673374656
4.289313381438102,0.4440346939277424,3.3652851976306217,-3.791134429322243
4.286329971869666,0.4480516538492814,3.593400119947654,-3.65884748702385
4.220201329254355,0.3166788760396798,3.5229544721379993,-3.5449391326598723
4.169421872806479,0.5925169663325714,3.8549704364498654,-3.592808327329179
4.187504882002682,0.6142923472389272,3.8019188990775845,-3.6912837850990474
4.197715157751979,0.6568970880870816,3.7828514180708837,-3.694876239999603
4.207925433501295,0.6995018289352326,3.763783937064269,-3.698468694900164
4.218135709250607,0.7421065697833871,3.744716456057698,-3.7020611498007203
4.208414625972517,0.7503253834008363,3.6949228753904633,-3.6181458127801913
4.177879135557307,0.8251686747226649,3.7034946791259356,-3.886649834347327
4.080905690089812,0.39225707602596327,3.439304827102956,-3.5590187641207147
4.095923597400265,0.02027276296417913,3.1279456524656624,-3.5100161076663614
4.132921040715722,-0.01953873099533986,3.078446722036041,-3.51349348716218
4.169918484031186,-0.059350224954865534,3.0289477916066234,-3.5169708666579926
4.206915927346666,-0.09916171891438451,2.979448861177203,-3.520448246153811
4.239050480987435,0.23284125472895004,3.2917701931744743,-3.644805215514477
4.239050480987435,0.454176641439024,3.3477876468106933,-3.7086542754548524
4.2905043766052415,0.5695446570749825,3.453536058852831,-3.550896343368063
4.280423460247972,0.7860920123485062,3.592303753326345,-3.540164080886923
4.284278528263132,0.7650119286879095,3.657960902062811,-3.511088505122452
4.288133596278293,0.7439318450273129,3.7236180507992303,-3.4820129293579827
4.2919886642934735,0.7228517613667165,3.789275199535818,-3.452937353593512
4.247937232192796,0.8228057259772045,3.759601105078683,-3.4713171150490396
4.2582541024529155,0.8113478536845186,4.009036377729197,-3.540175278867503
4.261857624675048,0.9723258133074683,4.28676352494493,-3.683377711091964
4.236275493356954,0.7063208168041869,4.257156157664327,-3.696239199427977
4.213295352399469,0.6589982354003407,4.301819490939333,-3.6887660868427474
4.190315211441988,0.6116756539964978,4.346482824214341,-3.6812929742575196
4.167335070484507,0.5643530725926517,4.391146157489468,-3.6738198616722904
4.1972576536839945,0.6203028418505667,4.846983819196233,-3.976505367705048
4.248491881392212,0.7571621788626144,4.945369928379337,-3.9868069979637615
4.261288474043889,0.874547154445723,5.140485764348065,-3.912176697993486
4.239003601809565,0.8711865299491388,5.4062034543446025,-3.63932591265545
4.240822675501418,0.8012661466846398,5.380111707317374,-3.6515344493679
4.242641749193277,0.7313457634201542,5.354019960290229,-3.66374298608035
4.244460822885148,0.6614253801556552,5.327928213263166,-3.6759515227928
4.297632557188491,0.5960231571689871,5.041933909214666,-3.6101779261899067
4.261848004322355,0.714493969215771,4.8712615611411785,-3.500668078349467
4.17535451922804,0.41010878230227055,4.861726370343583,-3.519837876542665
4.037858576649617,-0.04926330574193646,4.6340812948887855,-3.3182946523279604
4.036466146646123,-0.16045196841215523,4.519632456457412,-3.413678414069273
4.0350737166426285,-0.2716406310823874,4.4051836180261645,-3.5090621758105867
4.033681286639146,-0.38282929375260627,4.290734779594953,-3.604445937551899
4.087660674440072,-0.13378551113993203,4.388051839512084,-3.545260059254201
4.127864845310351,-0.28303444720923154,4.312669325580726,-3.392828992376711
4.134714702421377,-0.15476361314353712,4.675942932389052,-3.4822323998745404
4.258353900290871,-0.32304010735126504,4.477477877058015,-3.5615135097189756
4.286288135022784,-0.4400160149912607,4.3678263012680265,-3.525068644228225
4.314222369754692,-0.5569919226312565,4.258174725478082,-3.4886237787374768
4.342156604486631,-0.6739678302712525,4.1485231496882555,-3.4521789132467267
4.321304529329425,-0.7123292837707372,3.6141010571858563,-3.457501571250601
4.259943842735817,-0.7856594735560759,3.3917694727721055,-3.615347506252079
4.237619875384098,-0.3229656277261903,3.6784717312692994,-3.9528644361457532
4.184854917054853,-0.415032908403011,3.3989365324508256,-4.036620964927519
4.155819349849248,-0.5412939042842381,3.306103232714296,-3.960851859920626
4.126783782643656,-0.6675549001654616,3.2132699329777705,-3.8850827549137366
4.097748215438072,-0.7938158960466886,3.120436633241325,-3.809313649906843
3.9510388157409215,-0.997270296961606,2.8720074745975905,-3.684341161264089
3.989501110962489,-0.8546778218085133,2.8655277899215683,-3.9723851453855383
4.162480433681485,-0.3040115171992478,3.083233349133752,-3.922450571373012
4.087698013975869,-0.03542371756052508,3.2145158600784973,-3.782412542158224
4.090042065207282,-0.08480373923206899,3.1446036331884115,-3.759923679011391
4.092386116438709,-0.1341837609036229,3.0746914062984128,-3.737434815864553
4.094730167670137,-0.1835637825751668,3.004779179408533,-3.7149459527177204
3.7391897816854662,-0.3402685436067294,2.6014616049457517,-3.699097899526337
3.808077353423706,-0.2533931881938353,2.7383112324362346,-3.6313807620044205
3.6714277350961417,-0.3220876696186497,2.5430327818434852,-3.5056431248754407
3.727108311738727,-0.2763635804957966,2.7197934064114997,-3.6397413920586943
3.777447315964618,-0.3269484920897364,2.629899486919768,-3.6458331537523225
3.827786320190528,-0.37753340368366944,2.540005567428159,-3.6519249154459477
3.8781253244164398,-0.4281183152776092,2.45011164793655,-3.6580166771395763
3.790055134379201,-0.47835320066552034,2.3525445618406273,-3.6018485755570007
3.884768527384656,-0.12418836751397942,2.817071528842715,-3.7008098228754425
3.981308956315119,0.07277598311569747,3.1166727345576715,-3.684608327485774
3.9529986996301303,-0.10020241918200254,3.139540100757952,-3.607613743536165
3.927136280716406,-0.1454631899181481,3.0230377946106914,-3.61584508934682
3.901273861802686,-0.19072396065430036,2.906535488463592,-3.6240764351574777
3.8754114428889666,-0.23598473139044593,2.790033182316533,-3.6323077809681332
3.833146210732967,-0.22945737138214126,2.8684115364441656,-3.7009224757555863
3.865777143309572,-0.4664303942450531,2.650295251013518,-3.5689172142637275
3.8232040869371797,-0.5257744449150934,2.672786517053637,-3.5244128881097136
3.7815355448409815,-0.6921366181072808,2.719677050077345,-3.5054680933339637
3.7602953541408004,-0.7394242220850388,2.6880605237674793,-3.5321017403778385
3.739055163440638,-0.78671182606281,2.6564439974577363,-3.5587353874217116
3.7178149727404644,-0.833999430040568,2.6248274711480772,-3.5853690344655864
3.6153510655077774,-0.8814255118000603,2.5524841408365693,-3.574268639353442
3.6098606863071665,-0.8334517079851324,2.699275818177026,-2.5871631857471185
3.638432729424139,-0.44065638025208864,2.7426093201450734,-3.583294860474853
3.5922984932230455,-0.2468805821633003,2.4652573878119868,-3.519074762985302
3.5624807164634777,-0.29904786939773426,2.4874127517650124,-3.5796842990235573
3.5326629397039326,-0.3512151566321549,2.50956811571799,-3.6402938350618133
3.502845162944386,-0.4033824438665889,2.5317234796711765,-3.7009033711000683
3.299848946882996,-0.7226211774351287,2.385351038477178,-3.6423964827812307
3.192958835150313,-1.0835997426033377,2.2458239191969005,-3.621746697804591
2.9039762509474656,-0.7498685633516332,2.2027008780014246,-3.6725541997558335
2.723056014489982,-0.9683731044891829,2.024513863327678,-3.4453010003367286
2.57761871559635,-1.1263812221838188,1.972729340090599,-3.458833704924552
2.432181416702718,-1.2843893398784485,1.9209448168535599,-3.4723664095123805
2.2867441178091066,-1.4423974575730847,1.8691602936166478,-3.4858991141002034
2.036309650051615,-1.6174970993924376,1.6734509987312123,-3.206303451425672
2.196895955291766,-1.9776546444705554,1.3631947026991327,-3.220531523459965
1.8990167912474862,-2.317876184592312,1.1815324764258428,-3.191791519347881
1.9052125392519719,-2.511583290766014,1.1777211467674642,-3.0519699791397654
1.93568250129811,-2.490587043945067,1.2548106714823992,-3.036244832876857
1.9661524633442593,-2.4695907971241193,1.3319001961972112,-3.020519686613948
1.9966224253904041,-2.448594550303172,1.4089897209123508,-3.0047945403510394
1.9888790719015867,-2.516293140682583,1.057992963304078,-2.9418923155206986
1.9888790719015867,-2.3930957514065048,1.2900610902387966,-3.1105990223621043
2.0380835985845676,-1.8387789156253562,1.6676991158713381,-3.3042831496190126
1.9789261924698007,-2.512104490731045,1.2726532570071831,-3.162359618164355
1.9028866472690646,-2.608174699465719,1.2191282080131833,-3.101826770546653
1.8268471020683301,-2.7042449082003923,1.1656031590192204,-3.0412939229289457
1.7508075568676102,-2.800315116935066,1.112078110025302,-2.9807610753112437
1.636028543734416,-2.8905805141792156,0.8407286143971576,-2.7949490373158845
1.6398988360885043,-2.883356493197698,0.7408619021244058,-2.933379813635051
1.6597055671812777,-2.995107342048849,0.7085149167893242,-2.7634056384216654
1.4804104209786302,-3.333848582079014,0.5801772936892505,-2.498556433798723
1.4640108687625761,-3.2742511232352483,0.5991176609166339,-2.4976042894117954
1.4476113165465325,-3.2146536643914927,0.6180580281440539,-2.496652145024875
1.4312117643304836,-3.155056205547727,0.6369983953716402,-2.495700000637947
1.9357719761886005,-2.8443824916281075,0.7047529224944086,-2.4380283989014515
1.5677583249663967,-2.5139890217669723,0.9408399850672308,-2.420088418084318
1.428752158861189,-2.8040087036801764,0.8716891179946835,-2.185648300609183
1.4058093070835498,-2.1431043821736986,1.1843772662815648,-2.4775553998322914
1.4555070304038884,-2.081215664858286,1.2379799311088866,-2.4682572545546515
1.5052047537242321,-2.0193269475428637,1.291582595936327,-2.4589591092770173
1.554902477044592,-1.957438230227451,1.345185260763769,-2.449660963999377
1.5296792515259545,-1.6466530340073957,1.592164862566277,-2.5140399851121122
1.479017430334536,-1.503209999504278,1.5949749150214942,-2.4957805197604257
1.455147743125242,-1.6936370990486374,1.430580326897322,-2.627855897561207
1.480180211778321,-1.4571173181058388,1.513697926929227,-2.7025857571423133
1.555424420000761,-1.345386534533425,1.5801376973262644,-2.735182792266061
1.6306686282232183,-1.233655750961001,1.6465774677231764,-2.7677798273898095
1.7059128364456744,-1.1219249673885872,1.7130172381203341,-2.8003768625135574
1.7906687581292378,-1.139987340672641,1.6006659326725936,-2.879216682680484
1.6514809548754865,-1.3926264558311947,1.3831075419970622,-2.8487698861797037
1.5918363404727154,-1.6776294602217285,1.2346097301531376,-2.9872008214871237
1.5447069264787232,-1.4001149016635253,1.3969856153922626,-3.3119729170858836
1.5375893012818147,-1.5007699235741416,1.3404626073588641,-3.3052683259120266
1.5304716760849004,-1.6014249454847442,1.2839395993255858,-3.2985637347381647
1.5233540508880077,-1.7020799673953606,1.2274165912923474,-3.291859143564308
1.5031390184681905,-1.8626214931535723,1.0880255381625275,-3.253833805872485
1.4777876001010155,-1.6783790823670364,1.082321922556159,-3.175513550426686
1.4816443635320742,-1.8511698778907963,0.9883892303294192,-3.037140825272019
1.46381202412246,-2.3462504549230907,0.7901274292675714,-2.6722118237905694
1.4211168474947073,-2.553181495780818,0.6701559907216376,-2.671156277063162
1.3784216708669712,-2.7601125366385384,0.5501845521758671,-2.6701007303357587
1.3357264942392313,-2.9670435774962653,0.4302131136300982,-2.6690451836083517
1.1565385299097914,-3.1296478050832244,0.2979337649838382,-1.9269001557141625
1.1476256774623739,-3.044216837403444,0.06479961554494083,-2.10397768302558
1.2813811979515697,-2.6392847931249532,0.2929360084774903,-2.161149908979201
1.3932920051502253,-2.472891263041653,0.019208727104032167,-1.9404508728766294
1.3908037791812464,-2.561302601518722,-0.08690287187941055,-1.8872196732218274
1.388315553212284,-2.6497139399958067,-0.19301447086273293,-1.8339884735670282
1.385827327243322,-2.738125278472876,-0.29912606984601003,-1.780757273912226
1.3971107709992305,-2.6697675522211686,-0.44002329457024203,-1.7426190487169495
1.4085538964024138,-2.626303724009673,-0.43805325564893816,-1.6974269955414478
1.3405424286249623,-2.7349227113563064,-0.5058559916972637,-1.6672821090491086
1.3379916748593168,-2.801833489932357,-0.6937467430067473,-1.6589824246196456
1.3530865161732628,-2.711326876017975,-0.6594699105458333,-1.6745854015342077
1.368181357487217,-2.6208202621036003,-0.6251930780848775,-1.6901883784487683
1.3832761988011855,-2.5303136481892183,-0.5909162456237516,-1.7057913553633304
1.3806783430582783,-2.556971720331816,-0.3858812433442331,-1.8134112866937395
1.4280037354886643,-2.776472144181384,-0.1157905152008417,-1.6037785332690524
1.3836707673277804,-3.0945728509133725,-0.10821685641014221,-1.4545811191919198
1.3129236035967256,-3.0524295222749265,-0.5356477975652378,-1.2785851700976076
1.309765922120294,-3.1438088796487174,-0.6538487605332224,-1.2648868407616052
1.306608240643864,-3.2351882370225162,-0.7720497235010364,-1.2511885114256056
1.3034505591674503,-3.326567594396307,-0.8902506864688152,-1.2374901820896032
1.2290081033420002,-3.4950969966048504,-1.1152279402910785,-1.0437814967232901
1.14656457061732,-4.006150004887952,-1.526516471152026,-0.902328096259026
1.0941644827279668,-3.9479257083346697,-1.7771419959281622,-1.032985812546688
1.0704275078607228,-3.72133749742797,-1.565600779972325,-1.1485223454117497
1.0700464087198014,-3.7124737624423285,-1.5169093436697947,-1.140410312153958
1.0696653095788744,-3.7036100274566928,-1.4682179073671877,-1.1322982788961706
1.0692842104379583,-3.694746292471051,-1.4195264710644513,-1.1241862456383789
1.0429737566352875,-4.091673021713198,-1.9000843907126441,-1.0658400903622907
0.9598911741531864,-4.212191284261273,-1.856405688293394,-0.9806261202065497
0.9302902775389117,-4.045320216012715,-1.9986090695342482,-0.8806142051003196
0.8450114341734081,-3.857212214787733,-2.4080914969887512,-0.8626834393167242
0.8350888284638461,-3.72879203444902,-2.4092624134145724,-0.9443516121855984
0.8251662227542869,-3.600371854110301,-2.410433329840264,-1.0260197850544754
0.8152436170447506,-3.471951673771588,-2.4116042462659184,-1.1076879579233496
0.7476121104516295,-3.3616495719303088,-2.559027233858043,-1.1269492394742986
0.7882203089209531,-3.028030916424297,-2.4494200310582537,-1.1275158505910177
0.742813828439658,-3.132112745143668,-2.64883473735767,-0.9453928898131317
0.7119364161781822,-2.828937960726938,-2.676206871569775,-1.0006414135585757
0.7254871789149941,-2.8051872347079847,-2.632383781086339,-1.0100282033511407
0.739037941651806,-2.781436508689036,-2.5885606906028613,-1.0194149931437058
0.752588704388618,-2.757685782670084,-2.5447376001192215,-1.0288017829362706
0.7329409124776806,-2.6249951205550723,-2.5563565795858723,-1.099636370223414
0.6949065801736042,-2.7886361488491556,-2.6609603699818187,-1.0769632153364768
0.7032887777747321,-2.2677305978652202,-2.494584745338953,-1.3496467435337953
0.7697400617728731,-2.1100113738257584,-2.0704059625764457,-1.6149914990116256
0.7701799190361124,-2.1224074574773444,-2.01134667755802,-1.6345068330742571
0.7706197762993381,-2.13480354112894,-1.9522873925395958,-1.6540221671368962
0.771059633562595,-2.147199624780526,-1.8932281075210877,-1.6735375011995277
0.7427806726465332,-1.884242864676489,-1.671028599401584,-1.6100579015859275
0.7083717560633708,-2.354749546494605,-1.8742564603035272,-1.4628129103943674
0.6997075465181972,-2.1096603830733223,-1.7859209874110356,-1.3971073328129375
0.6940257260623063,-1.859079775052014,-1.147847505159186,-1.4175306393879812
0.6926865621098542,-1.9768291629855306,-1.124739557696166,-1.4412089558933645
0.6913473981574169,-2.09457855091903,-1.1016316102330606,-1.4648872723987418
0.690008234204989,-2.212327938852546,-1.0785236627699564,-1.4885655889041254
0.6886152021938781,-1.9656747708129316,-0.7092635920614312,-1.6723996628463507
0.7137668058366918,-1.8294106291390742,-0.492564490796744,-1.636363305931269
0.7314900234547312,-1.2464382405287515,-0.34752625687903205,-2.0281095175594763
0.8313772482204222,-1.3124258801104416,-0.273295324995248,-2.155928045902574
0.8267446200617753,-1.3622783121906776,-0.3304545754564265,-2.200611823338184
0.8221119919031366,-1.4121307442709203,-0.3876138259174788,-2.2452956007737868
0.8174793637445168,-1.4619831763511564,-0.4447730763784513,-2.289979378209397
0.649518048780211,-1.9739987060453683,-0.7266168374375748,-1.9274964582180107
0.5867567738617859,-2.0724647006565844,-0.5335316882385498,-2.019591330032471
0.5504253918608686,-2.2683013019679246,-0.7384062360573048,-1.902454416915889
0.4711995040633917,-2.6453857732005015,-0.9811114075608002,-1.6084527725426065
0.45985407047916405,-2.820614877144001,-1.0867606618728916,-1.607821346512099
0.4485086368949526,-2.9958439810875146,-1.1924099161848218,-1.6071899204815927
0.43716320331075065,-3.171073085031014,-1.2980591704967062,-1.6065584944510851
0.342482949315911,-3.369005480058241,-1.7193908716901634,-1.3739119342048998
0.28373959296873996,-3.1634880484052643,-1.6442560330326623,-1.643768667569858
0.36160997585195315,-3.106904141139687,-1.531591439762692,-1.7035525475753708
0.5137409475516468,-2.8697635217705217,-1.3251424022029559,-1.9137080202394383
0.5134413773276165,-3.0661653241380025,-1.5614969248244341,-1.8418665007267394
0.5131418071035877,-3.262567126505493,-1.7978514474457863,-1.7700249812140356
0.5128422368795629,-3.4589689288729732,-2.0342059700670574,-1.6981834617013367
0.38846824033998273,-3.3476506383111153,-2.073266500723329,-1.5058067241957942
0.46264768912758336,-3.453555772770567,-2.2236859428115774,-1.6290239107888465
0.445662347121623,-3.6275858059409414,-2.5483103094269977,-1.5752857478868474
0.3934128285943691,-3.7689561298799936,-2.676552776322629,-1.4408201257583868
0.39375667744747894,-3.8316929489466798,-2.655765663834475,-1.451849856083004
0.39410052630061043,-3.8944297680133766,-2.6349785513460358,-1.4628795864076198
0.39444437515374187,-3.9571665870800627,-2.6141914388576786,-1.473909316732237
0.2615973280788359,-3.902065291586684,-2.349459520612437,-1.491311318665771
0.17468692154706086,-4.252468572993481,-2.5908733759362943,-1.377325844405516
0.16728900500520968,-4.084802107554988,-2.286375658497127,-1.5187802565537176
0.20950261915908655,-3.853579837321989,-2.117125739494349,-1.5131836459333419
0.20267484385737178,-3.7343394781823727,-2.111924810307425,-1.5720082167661955
0.19584706855566106,-3.6150991190427533,-2.1067238811205082,-1.6308327875990447
0.18901929325395708,-3.495858759903136,-2.1015229519333802,-1.6896573584318983
0.12405578567483332,-3.4485168184939647,-2.012853172893235,-1.5359636844940798
0.0558933911299476,-4.078309952673954,-2.485164022047159,-1.2480430010027945
-0.16638877278718192,-4.137060880523704,-2.5861680836833267,-1.3662676818975712
-0.24358405807090866,-4.358926398372875,-2.999976403006153,-1.267979322136619
-0.25304590165086427,-4.298568788791663,-2.942395625509473,-1.245259466055202
-0.2625077452308131,-4.238211179210456,-2.8848148480126308,-1.2225396099737793
-0.27196958881076333,-4.177853569629243,-2.82723407051579,-1.1998197538923627
0.4831547786748288,-4.276627390020444,-2.942578876327981,-1.4068947850712352
-0.15829077644644776,-4.535676713257123,-3.1006838530726757,-1.0397071746222817
-0.4004925472358271,-5.068163466044892,-3.4426301807317854,-1.0014541494745937
-0.6506223773946068,-5.186355744219806,-3.632582003304368,-0.9070357157278022
-0.7037214313735364,-5.468300437748851,-3.7656559386258723,-0.8623073317270196
-0.7568204853524659,-5.750245131277879,-3.898729873947377,-0.8175789477262397
-0.8099195393313845,-6.032189824806923,-4.031803809268675,-0.772850563725457
-0.8937984298769559,-6.393727729855941,-4.435230555400844,-0.3209502436158859
-1.1719842650618046,-6.693325991891213,-4.622158613135312,-0.2672342291139121
-1.366053467554954,-6.480646803438047,-4.491687092507563,-0.2564805729535384
-1.3775104739813735,-6.080575447497438,-4.3201725693464015,-0.23555788650980106
-1.4039187436505032,-6.144320902040213,-4.335157731541409,-0.16346447396376002
-1.4303270133196273,-6.208066356582991,-4.350142893736369,-0.09137106141771754
-1.4567352829887539,-6.271811811125764,-4.36512805593121,-0.019277648871676503
-1.5372032543302856,-5.905334572091341,-4.1655908637185535,0.06867643125557568
-1.4365737191684411,-5.461090442891199,-3.657097867471859,-0.27518092017290907
-1.3717484172245653,-5.444725686382974,-3.6326543787238346,-0.22893799179526436
-1.466903409879362,-5.8990630779711815,-3.6428236258398146,-0.12561611840110656
-1.5023385813611556,-6.028858586803929,-3.781344412915349,-0.08799814762051161
-1.5377737528429503,-6.158654095636677,-3.919865199990845,-0.05038017683992101
-1.5732089243247394,-6.288449604469424,-4.058385987066217,-0.012762206059326056
-1.6536336829041793,-6.4621727288693664,-4.563980751645724,0.3515441073807476
-1.8624688004828571,-6.551204195789948,-4.669700841402556,0.3731553134451408
-1.9537904757453657,-6.296830764047861,-4.451606209047455,0.30518977035214423
-2.0679897697234284,-5.817665420641345,-4.552513909305314,0.5134886771371847
-2.1073394950910878,-5.726560253555838,-4.653114197747995,0.5882179258830781
-2.1466892204587253,-5.635455086470313,-4.753714486190637,0.6629471746289775
-2.186038945826367,-5.544349919384806,-4.854314774633237,0.7376764233748708
-2.3125622617553825,-5.220151544110502,-4.629398583513132,0.7815774109040635
-2.3322238047701607,-5.245158702923107,-4.683969427616202,0.893164408023446
-2.375932567105972,-5.541418614713176,-4.911714651955019,1.3852533878604811
-2.4730601001677397,-5.528481134625579,-4.840085344470802,1.2567325514891932
-2.4977209567490557,-5.370245577672685,-4.7699122933208,1.3091715662189205
-2.522381813330367,-5.212010020719801,-4.699739242170718,1.3616105809486432
-2.5470426699116833,-5.053774463766907,-4.629566191020633,1.4140495956783703
-2.5460165149254324,-5.253970273838578,-4.783414041658949,1.3104537772762557
-2.4678652659356968,-4.783427099313923,-4.423523318247168,1.1907964039453522
-2.2577728763693194,-4.041354041031897,-4.12720140129224,1.0420436638100339
-2.3233900238352083,-4.41088668843771,-4.256414188992168,1.183407768327788
-2.3500035069513654,-4.4854872607202765,-4.313120134493808,1.2109772733604747
-2.3766169900674847,-4.560087833002854,-4.369826079995575,1.2385467783931574
-2.4032304731836214,-4.634688405285421,-4.426532025497012,1.2661162834258444
-2.408665982165988,-4.750654846902385,-4.500955062698443,1.5432372517684871
-2.5491786566132295,-4.730892943215874,-4.082099359956185,1.6827956455752533
-2.5654993162973323,-5.0894469685997175,-4.326934763135659,1.8043431799551979
-2.6251172567833954,-5.0519607934982975,-4.360298097042859,1.9601388483429347
-2.6291311372331854,-4.773961631831591,-4.134362234320555,1.8059571529720184
-2.6331450176829643,-4.495962470164877,-3.9084263715982495,1.6517754576011088
-2.637158898132741,-4.21796330849817,-3.6824905088759405,1.497593762230192
-2.6177222910651388,-3.7638735491720836,-3.4327380023304697,1.6436774201444146
-2.4152105034359406,-3.5512289590784247,-2.87734247598239,1.569818793247315
-2.0855587908658726,-3.569872311551619,-2.690253797859446,1.5876330995768502
-1.9334707077444464,-2.2694055061692486,-1.634347665201763,0.8691556259488746
-1.6919405728781483,-2.0597549157307196,-1.5736612944339172,0.8914453308614713
-1.4504104380118457,-1.8501043252922003,-1.5129749236660293,0.9137350357740633
-1.2088803031455235,-1.6404537348536712,-1.4522885528980134,0.93602474068666
-0.8122564440914528,-1.4156192610639478,-0.938301805686139,1.122956039123679
-0.4367578616801443,-1.3589898336870494,-0.8654164098660436,1.2580188489824247
-0.41351145498647246,-1.457398536703939,-1.2422306664500742,1.6427906947312514
-0.4613365650470519,-1.6579180276454717,-1.2331022143330757,1.8049274610577402
-0.4891187278716358,-1.7200494930742458,-1.2548515641432654,1.742526660887168
-0.5169008906962198,-1.7821809585030302,-1.2766009139534122,1.680125860716589
-0.5446830535207983,-1.8443124239318043,-1.2983502637635191,1.6177250605460172
-0.7556496419554206,-2.1747706295282248,-1.8957997591163185,1.935063645527947
-0.6797717446130151,-2.0484605498637887,-1.6984578165920956,1.6362243173275741
-0.4887217405651393,-1.7579884269015227,-1.4136953287770075,1.5113112269065871
0.36290575335187375,-1.713582320290643,-1.1182246462899903,1.5006145657537697
0.3831730361182145,-1.7804209646157765,-1.193053617734724,1.5795306968965275
0.4034403188845756,-1.8472596089409066,-1.2678825891794179,1.6584468280392806
0.4237076016509407,-1.91409825326604,-1.342711560624112,1.7373629591820383
0.3671858606207263,-1.92954036073687,-1.0400664356994669,1.9399255530056385
0.2163462049680437,-1.5950957437629971,-0.531106160883074,1.8565746188290606
0.6241409716457051,-0.3341377249674534,0.09600883880270344,1.3357253610411282
1.4070243095313966,0.012442612890314373,0.43162829713806233,0.42738845122840713
1.4803653991073662,0.10581936540193648,0.48235819544844916,0.4969353532460517
1.5537064886833414,0.19919611791354846,0.533088093758836,0.5664822552636903
1.6270475782593206,0.2925728704251706,0.5838179920693446,0.6360291572813349
1.7130287279344363,-0.19381646258871596,0.05904002922914013,1.1388995412452823
1.423805405625294,-0.3546974569784074,0.05736999502148795,1.4323181563301588
1.427381787703552,-0.11399805380238506,0.3648439930113077,1.3808056274248957
1.4060875344498163,0.10484152162469286,0.5662138997215901,1.262535110050546
1.3668079433386346,0.07275401630562806,0.5668393632903439,1.3041842493428266
1.3275283522274586,0.040666510986559934,0.5674648268592676,1.3458333886351015
1.2882487611162876,0.008579005667495136,0.5680902904282287,1.387482527927382
1.1815086855637176,0.09784183707672242,0.48014055068335504,1.5637819986984938
1.1500919970285173,0.5599491076972104,0.8149613604127123,1.2721013444033258
1.4367643299413388,0.32687881110093037,0.7389998189489617,1.0637457842766693
1.1715527015540887,-0.4487567778074985,0.030788657537141665,1.4661684755044389
1.152779780193402,-0.40687827691835654,0.1546346410491728,1.4422076523534155
1.1340068588327332,-0.36499977602920125,0.27848062456124567,1.418246829202395
1.115233937472071,-0.32312127514005934,0.4023266080734425,1.3942860060513715
1.063092974608579,-0.11195114066041531,0.38531246303233363,1.2753106732613768
0.9662504238827758,0.20593612676650155,0.6364802785084712,1.2377147699506037
0.9796682895380522,0.2785962854059592,0.6658776703110232,1.09044024720786
1.0841985084785728,0.22462813912340576,0.42870408265577603,1.2699319167403347
1.087936648101124,0.25768263668041,0.5267888250167064,1.2793947741761609
1.091674787723675,0.29073713423742426,0.6248735673777133,1.288857631611986
1.095412927346241,0.3237916317944285,0.7229583097388079,1.2983204890478122
1.1152221915102472,0.621508600470742,0.7206819947708426,1.4740126769417339
1.0972104851752176,0.5021012939872006,0.7136134449664162,1.5978058825674504
1.119047386226263,0.4455368846160041,0.6561124105456874,1.9941043376465366
1.2187587534298858,0.9139360399278241,0.8404124418390324,1.2957197465504517
1.260627884106703,1.034198000037179,0.9195713527642148,1.2137198433381857
1.3024970147835415,1.1544599601465206,0.9987302636892313,1.1317199401259226
1.3443661454603801,1.2747219202558755,1.0778891746146138,1.0497200369136568
1.3793637870254183,1.0363151375816877,1.058334526352486,1.2298402986503316
1.3392299758166366,0.8305419657610614,1.3502014795884794,1.3039167607462852
1.385654615088264,1.0023452123393115,1.9892003672106635,1.2900993368450466
1.52476580591162,0.7721588636043927,1.899616600580145,1.4760186580599624
1.4998239079080014,1.09642502707826,2.1275874748529184,1.440808233391384
1.4748820099043827,1.4206911905521307,2.3555583491257344,1.405597808722803
1.4499401119007695,1.744957354025998,2.583529223398669,1.3703873840542244
1.720051287596689,1.9375563794562243,2.872515413104571,1.277680959378841
1.75195247027191,1.8816388601504155,2.854335896678815,1.0613033664221798
1.8002912489092135,2.0947773659385556,3.0576398110557874,0.4790738099103739
1.9976813301387804,2.6567186757397985,3.5263029658170244,-0.3333777916131802
2.0968311568481126,2.7371757252089313,3.651011086309969,-0.43942326785795643
2.195980983557448,2.817632774678067,3.7757192068028744,-0.5454687441027299
2.2951308102668,2.898089824147199,3.9004273272959846,-0.6515142203475063
2.4308849453277817,2.7939467218440726,3.615489362214225,-0.60256784856319
2.3473557381504087,2.8882958410210593,3.711483906305995,-0.46494844009521746
2.5185044046689278,2.7594288246069465,3.6397414864310047,-0.5680416601143532
2.664431790575829,2.752805311244819,3.9585942101368286,-0.5287602990566005
2.7186841000488697,2.830500877558245,4.050270931281125,-0.6371164349223305
2.772936409521917,2.9081964438716637,4.141947652425503,-0.7454725707880547
2.827188718994985,2.985892010185089,4.233624373569883,-0.8538287066537849
2.9012208724171153,2.9369200553680392,4.175820701047133,-1.0605714366748449
2.9595024846294535,2.968128539058538,4.105335096376681,-1.2262063962864513
3.069092254495295,3.5566265952125544,4.199745400716208,-1.2410602697694193
3.479308992385058,3.564107488163522,4.044976838068867,-1.213630341563973
3.4707697296213325,3.5528324022926445,4.08351154633383,-1.1854247813811218
3.462230466857603,3.541557316421761,4.122046254598876,-1.1572192211982748
3.4536912040938863,3.530282230550884,4.1605809628640475,-1.1290136610154236
3.382931980634639,3.3144127264886474,4.030383772583133,-1.0135275578883791
3.1507159847107054,3.408846742521867,3.936209683523312,-1.0726627927636683
3.3108063288511285,4.076592545693637,4.134798250666265,-1.5796193045792744
3.3060106164260636,3.5024622693970184,3.506686778231844,-1.3886555690827753
3.2891502786378046,3.1383616797570673,3.2149336551321035,-1.1699896729975945
3.272289940849563,2.7742610901171156,2.9231805320325637,-0.9513237769124097
3.2554296030613252,2.4101605004771653,2.63142740893303,-0.732657880827229
2.9957492366919793,2.243887558915052,2.362979104245621,-0.29814035629546415
2.6748113096134807,2.5259065557198292,2.73631546273604,-0.479826464162095
2.647481147794815,2.419724542282231,2.7899081786154794,-0.5615061306344675
2.4429586027561534,2.324297127188677,2.5515351466394005,-0.40804817843186236
2.3532997472905777,2.2092120785817286,2.6517435436202392,-0.35045556918316056
2.263640891824997,2.0941270299747705,2.7519519406011215,-0.2928629599344659
2.1739820363594453,1.9790419813678224,2.8521603375821707,-0.23527035068576413
1.94367279229257,2.1824162518440895,2.206098815810253,-0.2558756981884495
1.9091636920522137,1.979876390636096,1.8954725638428582,-0.2515199543214972
1.4416024356995623,1.5140626248712037,1.3594325674743792,-0.2723409665475531
1.2770382921783976,1.347263855800196,1.0656871342771415,-0.378640010188252
1.1936483884172717,1.3754820708622604,1.0862030706282657,-0.3805222150344623
1.1102584846561392,1.4037002859243082,1.1067190069792654,-0.38240441988066826
1.0268685808950297,1.4319185009863726,1.12723494333051,-0.3842866247268785
1.0202894993826803,1.4378047477762523,1.0744870464130631,-0.33875926779416504
0.9650840311016458,1.1666495210981387,0.7360678742665336,-0.13084671395743822
0.906621437851018,1.1101236338579215,0.7370360052169133,-0.2510582286412017
0.9736309667459391,0.8202875147800597,0.5374188486559955,-0.1431288608959416
0.9343312984801388,0.670195230703672,0.40867475329100944,-0.09389114098134022
0.8950316302143373,0.5201029466272745,0.27993065792607075,-0.04465342106673587
0.8557319619485613,0.37001066255088705,0.15118656256129331,0.004584298847865516
0.4711092247320918,0.5598717802253509,0.016847763867142557,-0.1242307703465759
0.3423231013647953,0.5848565695801619,-0.08518072978595621,-0.053900188438751474
0.48218112348804193,0.8642464141546125,0.5590292930946021,0.01919751486047626
0.4686809190794594,0.5511196032228766,0.4974745431850796,0.2445080468225985
0.4759520276040428,0.60737476309553,0.6390372558447425,0.19589104742374186
0.4832231361286139,0.6636299229681866,0.7805999685044499,0.14727404802488955
0.4904942446532189,0.71988508284084,0.9221626811642778,0.09865704862603288
0.46869269760270904,0.6198412088087145,0.867210852770932,0.42655125338339295
0.2868396584469285,-0.026349344264645535,0.03117837766149809,0.7300343204878674
-0.12008056986206224,0.07099822693023718,0.05301070002667741,0.7763125826317256
-0.07718681697646958,0.08027940736181668,0.21706313403003516,0.905540497615056
-0.03974563701612409,0.24079641046955,0.4199984657778414,0.8603886344924452
-0.0023044570557785977,0.4013134135772766,0.6229337975256505,0.8152367713698332
0.035136722904566896,0.5618304166850099,0.8258691292734963,0.7700849082472225
0.2783199679624398,0.6036706357792291,0.9260456328500554,0.570978686613879
0.3980380764072836,0.6688138708158609,0.8498448396791322,0.5499681969993889
0.3114968611904359,0.31012520438418273,0.9234977536308959,0.8145691914411136
0.19965232276604497,0.7101208051683048,1.2355849304838633,0.6065371084614288
0.26012470360839257,0.842702115620919,1.4001641639632734,0.5542723297374215
0.3205970844507563,0.9752834260735198,1.5647433974426874,0.5020075510134214
0.3810694652931241,1.1078647365261343,1.7293226309223046,0.4497427722894141
0.40288761784502247,1.3869972000557564,1.6482275867610083,0.31140906567677634
0.5502046231315607,1.4688632930331127,1.092564908379912,0.12771056755015775
0.8572531511481679,2.125543555322959,1.5450500330722219,-0.18197646856738975
1.1491121220999174,2.0978861463091607,1.7023527221134978,-0.6912773151639456
1.1199778781006824,1.9999368615668878,1.6089816489846134,-0.6013428561804166
1.090843634101453,1.9019875768246084,1.5156105758557261,-0.511408397196886
1.0617093901022232,1.804038292082336,1.422239502727043,-0.4214739382133569
1.2363364240447434,2.002646109608761,1.1913063504415926,-0.6338317807949174
1.3382078800837416,2.1662849417596264,1.4358934151635294,-0.7635174952926267
1.1260015827614303,2.06077415660361,1.492450993156168,-0.8649922259902718
1.1637843996528898,2.1688560172556017,1.6445051080495663,-1.079565077274763
1.1821993369411377,2.0330833783299935,1.5383585118072365,-1.1053301392644317
1.2006142742293868,1.8973107394043882,1.4322119155650348,-1.1310952012541065
1.219029211517662,1.7615381004787802,1.3260653193229093,-1.1568602632437752
1.2087514786049909,2.301961523781757,1.5157654103220557,-1.3822573543513428
1.3554917679179874,2.3852498387428427,1.901555749861711,-1.2251290926054392
1.3972095975146095,2.1047060812346046,1.875580217320855,-1.2235540821414759
1.4110463655406122,1.9420453356558218,1.6406432414534484,-1.299270141228972
1.3640818697670372,1.9363420988937827,1.579802973100532,-1.320735876476401
1.3171173739934665,1.9306388621317367,1.5189627047477405,-1.3422016117238342
1.270152878219901,1.9249356253696974,1.4581224363950316,-1.363667346971263
1.2239735314352551,1.8312734411082972,1.2576837191620098,-1.2663947645717861
1.2013121726205511,1.8712099994908702,1.4210832236525373,-1.4479258317079837
1.2814158030203988,2.3130063046184652,1.6589654793828679,-1.8277762289573367
1.443595331864711,2.541774754886381,1.7219308344979787,-2.149449083363952
1.4055608125097727,2.2996847732310814,1.5549915948155741,-2.129984386157922
1.367526293154841,2.0575947915757813,1.3880523551332054,-2.110519688951895
1.329491773799923,1.8155048099204814,1.221113115450963,-2.091054991745865
1.0819068769036546,1.6933348082451878,1.0826555232103536,-1.595193503205542
0.9735594656434445,1.7289517628820232,1.2915586593466883,-1.3959053795662044
1.0121402488646463,1.6532365248278027,1.1320564227146561,-1.0689685118011616
0.9327630864993562,1.7655991923640943,1.2677517306039157,-1.2287590997175732
0.9345794386976767,1.7240952318576956,1.2350802935065426,-1.336304951721144
0.9363957908960241,1.6825912713512872,1.202408856409207,-1.443850803724715
0.9382121430943648,1.6410873108448887,1.1697374193118748,-1.5513966557282854
0.927998934472317,1.696209147887893,1.2963609086227403,-1.261727258834125
0.768970516031104,1.4067587697690624,1.3662397859176774,-1.3684972044046753
0.6837973414692053,1.574383777856015,1.619373593488224,-1.7762139890718074
0.6408255176165717,1.5586705787766462,1.6722318945198287,-2.315921349394389
0.6457556980696462,1.581872649099573,1.6418115628053165,-2.337551833373196
0.6506858785227422,1.6050747194225132,1.6113912310909693,-2.3591823173520017
0.6556160589758423,1.6282767897454407,1.5809708993766616,-2.380812801330809
0.44549619283737213,1.4540780538701576,1.5309815395429691,-2.309579081653159
0.6407142149852932,1.706681955806019,1.7633600217861292,-2.084857531157091
0.7489086807302764,2.057324860263441,2.1441152832746613,-2.328659959264968
0.7868339866897048,2.280716859191061,2.2403383756934003,-2.2674880196919056
0.8371168428683315,2.3108175556519246,2.1829864446129266,-2.2757996781015737
0.8873996990469663,2.3409182521127714,2.1256345135325803,-2.284111336511245
0.937682555225609,2.371018948573635,2.068282582452234,-2.292422994920913
0.9080806114551331,2.364913462196462,2.223298180015502,-2.026083787856874
0.7710799255371769,2.2971151964460175,2.481416399767723,-2.039301821489987
0.7453793745530669,2.3746714172807897,2.462753395329111,-2.2124689321170257
0.5688073753263703,1.80219584970138,2.148130070985256,-1.9067850038621952
0.49551995428625517,1.6309137746974072,2.1420659220280283,-1.9317215818987012
0.4222325332461292,1.4596316996934242,2.1360017730707987,-1.956658159935213
0.3489451122060357,1.2883496246894517,2.1299376241137766,-1.981594737971719
0.19981855963375703,1.422176901060087,2.19492416666664,-1.8082311368374913
0.15940645496408268,1.1023361043629114,1.613777167972819,-1.4978939863262675
-0.12115633294540784,0.8743157037374408,1.379752246866293,-1.5181137509801643
-0.2979608103375653,0.5285498984502022,1.12446914380721,-1.339889734503556
-0.2995740022419579,0.6049709224983223,1.1764615461072108,-1.3574884864681793
-0.3011871941463342,0.6813919465464322,1.2284539484073351,-1.3750872384327981
-0.3028003860507106,0.7578129705945523,1.2804463507075403,-1.3926859903974216
-0.4465261506797488,0.6502524100159893,0.951327804872059,-1.4916559865972474
-0.7110352963931581,0.5668413468046762,0.8227162123314417,-1.4300018556704648
-0.9820786886547952,0.30591214399961647,0.6932029480683728,-1.2456209552406121
-1.2648017253083985,-0.015603636974991085,0.6043930537048678,-1.15598888253961
-1.1902794115521278,0.02093783666707823,0.5833717572032882,-1.1734913792388022
-1.1157570977958553,0.05747931030913745,0.5623504607017884,-1.1909938759379914
-1.0412347840395682,0.09402078395120676,0.5413291642002901,-1.2084963726371836
-1.0803670786652855,0.036554640710180844,0.5826090426733961,-1.160763292818063
-1.0613060346457188,0.17246468694886283,0.6137195474889209,-1.088004523537396
-1.1745073970560467,0.2228266803067471,0.6790286620389202,-1.1548202210413916
-1.0483874086486,0.6022010535955942,0.8025466028627989,-1.5085210070123591
-0.9461208664866483,0.48711519197967573,0.6684379435593105,-1.7223017160905494
-0.8438543243246978,0.37202933036375385,0.5343292842559425,-1.9360824251687454
-0.7415877821627296,0.2569434687478353,0.4002206249525701,-2.1498631342469356
-0.8397244103388436,0.3867771345694282,0.5079019139513173,-1.6179775194630828
-1.0644437628373455,0.5354447371702322,0.5584085333950005,-1.563895813134311
-1.118203747458119,0.5280494376159556,0.47056899891815585,-1.506972031144774
-1.1860690945779306,0.9221168376911283,0.7888289961713283,-1.6628358519761168
-1.188264960768214,0.908808850547472,0.7865344755128919,-1.6534597689505917
-1.1904608269584798,0.8955008634038121,0.7842399548546685,-1.6440836859250667
-1.1926566931487468,0.8821928762601556,0.7819454341964437,-1.6347076028995415
-1.2419033310278091,0.9446243243819901,0.8010289708273014,-1.5746601862294685
-1.2030075658515702,1.0218783991840243,0.6898046145684557,-1.5299203293936534
-1.2703937771629448,1.0812997436219924,0.6659893937293011,-1.3406719106939056
-1.2272702932019257,1.4296838583211713,0.7937091723728417,-1.3774010114097732
-1.2157458476191962,1.3898537790784422,0.7360648932815491,-1.3333275719697508
-1.2042214020364654,1.3500236998357034,0.6784206141903336,-1.2892541325297313
-1.1926969564537295,1.3101936205929743,0.6207763350992015,-1.2451806930897087
-1.3511651838076273,1.0158815796239387,0.5416384704234682,-0.9552925774540112
-1.4907150853156301,0.8794499347568756,0.39775272977742837,-1.0187752694027539
-1.5326658464107037,1.0970919212740529,0.38157357803433223,-1.2693524011348463
-1.6259425466089348,0.6219069947318471,-0.10848618484061082,-1.2091362006652135
-1.7137175684322266,0.4676676825939045,-0.14673528212390669,-1.143133460125871
-1.8014925902554997,0.31342837045596195,-0.18498437940699375,-1.077130719586533
-1.889267612078771,0.1591890583180193,-0.22323347669008084,-1.0111279790471903
-1.8169205346536528,0.14213927732337597,-0.24951477104058817,-0.9319471631966372
-1.738512927802919,0.28338206527337945,-0.4542011112545841,-1.0835263279249547
-1.8145235115884393,0.053725810182753464,-0.8935884494285561,-1.0167695523540072
-1.8201389574372955,-0.14209228524275128,-0.8109897401779234,-0.7862810448891214
-1.8048688052135868,-0.04326126239266212,-0.631601420728378,-0.8598609180344353
-1.789598652989858,0.05556976045742708,-0.45221310127870507,-0.9334407911797493
-1.774328500766128,0.15440078330751625,-0.27282478182899345,-1.0070206643250632
-1.7274406047449036,0.3018637101730304,0.11041354613202964,-0.8526633655382405
-1.5980681119683,0.32945476406649266,0.3355895962105878,-0.9396076420059523
-1.6404274127006566,0.06676989885953996,0.08437960544340731,-0.6403607475849038
-1.735701619993554,0.166679988398946,-0.16746506025762742,-0.31554790905417873
-1.744890028091898,0.312023136890838,-0.14840704768365126,-0.34696057744392733
-1.7540784361902462,0.4573662853827332,-0.12934903510959386,-0.37837324583367904
-1.763266844288581,0.6027094338746252,-0.1102910225354161,-0.40978591422342764
-1.7599199119320104,0.8414405201403908,0.14244687709802514,-0.21884124372917296
-1.6330566191981004,1.3035433965595438,0.479118763773626,-0.902550404652165
-1.3805484064019609,2.144140753254308,0.7580264563459026,-1.2552823511391598
-0.6977707351164137,2.740374143636495,0.8330208923626142,-2.6520549419053734
-0.537129245646257,2.724959750631459,0.8014192476406855,-2.170538508869395
-0.37648775617607855,2.7095453576264292,0.7698176029190443,-1.689022075833415
-0.21584626670590146,2.694130964621392,0.7382159581973171,-1.207505642797437
-0.28989272518416037,2.726720798518737,1.0329803469990047,-1.0974789473444897
-0.33117151625594266,2.549952669603036,1.7530487829538268,-1.0683606961613974
-0.37002840729164144,2.4509177202511916,1.8515207827505233,-1.0294051334694532
-0.4016230229330814,2.234709990452205,1.4124651810929976,-0.8651170482186865
-0.48072445658629637,2.127513604310022,1.3087489924973528,-0.8872317955406481
-0.5598258902395168,2.020317218167832,1.2050328039019942,-0.9093465428626126
-0.6389273238927237,1.913120832025649,1.101316615306551,-0.9314612901845741
-0.6648689389575929,1.9057942456035548,0.9197247939579227,-0.9511214634167688
-0.6179745660623235,2.1784431741588195,1.1718140919246607,-0.8997091677835168
-0.35972321624960785,2.323444133056622,1.4378699654544276,-0.9712328749352566
-0.21049756841446893,1.8831511692280025,1.092387333327844,-0.6587010415513321
-0.2537160534321181,1.8976894655457148,1.2101501519566262,-0.6650958163812433
-0.2969345384497632,1.9122277618634236,1.3279129705854882,-0.6714905912111484
-0.3401530234673894,1.9267660581811363,1.4456757892144343,-0.6778853660410596
-0.13334089546237196,1.8922479086097712,1.4001102989659522,-0.5830708867764893
-0.14712664167981657,1.460695385276148,1.2744055965196661,-0.4447255175605508
-0.5090632207167458,0.994360327313876,0.989969272949431,-0.2100437524223138
-0.3771667132109319,1.119432211907619,0.7859571553897007,-0.40051954767033193
-0.40901618009915935,1.1348135565127295,0.7453162817407524,-0.3854527542035935
-0.44086564698737046,1.1501949011178336,0.704675408091845,-0.3703859607368492
-0.4727151138755763,1.1655762457229442,0.6640345344429377,-0.3553191672701107
-0.5814564057398552,0.9498480461572432,0.33816296713571997,-0.10929048896621277
-0.7847618838403736,0.5581943101480413,0.13973636910964674,-0.23101071781956112
-0.6819214837752173,0.6664358125955825,0.05228095609866966,-0.2585361135915652
-0.7204926059539918,0.33584814960383363,-0.06859610752805562,0.010417789128541724
-0.7529016694530082,0.21621270560593545,-0.08360290743179619,0.0907304173078867
-0.7853107329520246,0.09657726160804722,-0.09860970733554107,0.17104304548722724
-0.8177197964510193,-0.023058182389851013,-0.11361650723907858,0.25135567366657224
-1.2645887824362703,-0.18512068641407786,-0.32998289377484574,0.22315442017627415
-1.4138035666817494,-0.34768101976793714,-0.5543999682875492,0.22503549939127973
-1.3919669487984012,-0.504220797666734,-0.6643655630966426,0.42467613974258395
-1.5643937270250854,-0.29966862637652397,-0.6306021892088481,0.3795151809690916
-1.5624392325808683,-0.28414539009820183,-0.5588491406339813,0.2992078294242458
-1.5604847381366471,-0.2686221538198796,-0.4870960920589084,0.21890047787939415
-1.5585302436924218,-0.2530989175415574,-0.4153430434838313,0.1385931263345483
-1.5653388229218297,-0.24381598691137876,-0.10974312911738857,0.2531971147517952
-1.5843906621151151,-0.2452247353422988,0.100687423861919,0.23519273028978635
-1.5570487520922889,0.11609662448369619,0.2603090959881051,0.11164396777746598
-1.5236326214086795,-0.21352107128423412,0.06810772048155708,-0.013721010560802546
-1.5137773841596398,-0.18731951752537926,0.02065494185651033,0.02730578230325682
-1.503922146910584,-0.1611179637665143,-0.02679783676857241,0.06833257516731323
-1.4940669096615238,-0.13491641000765947,-0.07425061539341328,0.10935936803137258
-1.5959139111321556,-0.07533335863196997,-0.20312264768321345,-0.03467838193414049
-1.4943382639418414,0.2974615238244749,0.09343785806933946,-0.24461306664222324
-1.4590713261712744,0.3326578662561408,0.15057593079633055,-0.1463124562471222
-1.4535270194199377,0.2696741872710216,0.11182960628192011,-0.21006727230114128
-1.4892873806187579,0.18062785422023114,0.04305258342118492,-0.1767810138983898
-1.5250477418175619,0.09158152116943737,-0.025724439439510683,-0.14349475549563387
-1.560808103016359,0.002535188118646982,-0.09450146230003996,-0.11020849709288241
-1.624014270856581,-0.2139372530531542,-0.3924879751631895,-0.06442142891025116
-1.6332109983811707,-0.6123532560942385,-0.6667763534191661,0.19942947604780017
-1.8558409437521595,-0.8589019181423987,-0.823268603218023,0.3170054762800473
-1.8938204611509575,-0.9012694953045373,-0.8759035432018306,0.35494432685440797
-1.8834093986038647,-0.8443584507490006,-0.8231534027854847,0.3359266279495695
-1.8729983360567666,-0.7874474061934742,-0.7704032623689654,0.3169089290447325
-1.8625872735096523,-0.7305363616379377,-0.7176531219524532,0.2978912301398941
-1.84916633427044,-0.5827842649254706,-0.7947069411592599,0.3547032148647768
-1.8810986501643092,-0.5877002883664924,-0.9194839777046703,0.4031304293735458
-1.892601868196742,-0.6038722803797443,-1.0968246657449043,0.40773685612067084
-1.9316045725358713,-0.806421638517263,-1.1497156765365508,0.5258882463527834
-1.9427135510444906,-0.7898303008962707,-1.1151604441116565,0.48106015239498306
-1.953822529553085,-0.7732389632752819,-1.080605211686592,0.4362320584371857
-1.964931508061684,-0.7566476256542897,-1.0460499792615305,0.39140396447938536
-2.0226140776080137,-0.7954726208113195,-1.0891487581978259,0.48682731037272037
-2.0637583563113076,-0.813549774405581,-1.6001157653413818,0.4772875804549496
-1.9970891982184005,-1.0680484243178847,-1.8606137240398897,0.4343253803851494
-2.0282353959178008,-0.9986781563205201,-1.6793527884152746,0.5495015435632229
-2.013441091980387,-0.99535562272179,-1.6221921887629525,0.5268478869926212
-1.998646788042957,-0.9920330891230568,-1.565031589110635,0.5041942304220253
-1.9838524841055263,-0.9887105555243267,-1.5078709894581483,0.48154057385142357
-1.98554933315811,-1.0574784096974446,-1.8552597935320931,0.6791853419158335
-2.060139031290382,-1.2758025182462458,-2.2221153746596976,0.9785758448178912
-2.2224541833856644,-1.4226449997042874,-2.5804002104912604,1.162210311815981
-2.148889492718418,-0.9217275330137956,-2.365243135312207,0.8830870730123146
-2.139859064213154,-1.0029232759820155,-2.4663775360617124,0.8690144936057207
-2.1308286357078745,-1.0841190189502257,-2.567511936811055,0.8549419141991225
-2.1217982072026005,-1.1653147619184456,-2.668646337560393,0.8408693347925285
-2.3376323413471405,-1.6159849481976132,-3.1180516927507567,1.1235266257602208
-2.4239909345473034,-1.555503048399191,-3.1910917018252154,1.0575440541218772
-2.449282865078206,-1.409804988169611,-2.9499038033318334,1.3690973245733342
-2.391456567826143,-1.1165111053255472,-3.0161768408033844,1.4907423407607665
-2.3685855666086697,-1.0958903015470456,-3.021372662429074,1.4756486708540568
-2.345714565391187,-1.0752694977685342,-3.0265684840548905,1.46055500094735
-2.3228435641737093,-1.0546486939900328,-3.031764305680418,1.4454613310406403
-2.479695009845455,-0.867433690380903,-2.8408843161418256,1.7810136485694954
-2.408860907131936,-0.7228147791984466,-2.3241221926119886,1.817227499765363
-2.32901340351894,-0.7858989350475982,-2.073143208296618,1.7385549538811842
-2.350328386825927,-1.2620361283894654,-2.1165097927728977,1.8929568290052727
-2.3796509368304233,-1.254036878513975,-2.0353994358012515,1.840749825351242
-2.4089734868349137,-1.2460376286384742,-1.9542890788295648,1.7885428216972112
-2.4382960368393882,-1.2380383787629836,-1.873178721857717,1.7363358180431803
-2.5145303190986117,-1.2215784127530147,-2.0270910895375596,1.7326062129395816
-2.5535224247755326,-1.2206413337331607,-2.0663029781221036,1.9496547972962999
-2.666045448951246,-1.5560217803973477,-2.0943798175710824,2.2296346786491807
-2.8696676760353528,-1.5245898744972226,-2.143555523041152,2.4015104182978524
-2.886044840825826,-1.503240019244604,-2.2018976472688587,2.4344732867656265
-2.902422005616299,-1.4818901639919786,-2.2602397714964835,2.467436155233401
-2.9187991704067624,-1.46054030873936,-2.3185818957241078,2.500399023701175
-2.926210878040664,-1.0345661961476647,-1.918075988879437,2.469832573288828
-3.060151799925077,-1.1777974668447084,-1.7607222946431282,2.452890299071133
-3.016210066157297,-1.4743852973500615,-1.918391180335808,2.545567581490574
-3.0332762218258282,-1.244644578197274,-1.8645362478133167,2.6623201665476843
-2.9999041607735992,-1.2373978746790304,-1.782128801540265,2.63486811392844
-2.9665320997213684,-1.2301511711607935,-1.6997213552673363,2.6074160613091966
-2.93316003866913,-1.22290446764255,-1.6173139089941193,2.5799640086899522
-2.8032759694295044,-0.9731970630459175,-1.429729656282864,2.4385930412241468
-2.8428253154428496,-1.2672992974776514,-1.7525354775243425,2.1574515814057404
-2.831332283334223,-0.950450258952172,-1.4943566963769936,2.482662778134441
-2.6878501828377535,-0.7301149919374287,-1.3150652088889228,2.134992691216178
-2.5339246458093423,-0.45279125012159677,-1.1149754537097691,1.8368040251252586
-2.3799991087809063,-0.17546750830576832,-0.9148856985304473,1.5386153590343468
-2.226073571752476,0.1018562335100635,-0.7147959433511284,1.2404266929434273
-1.506979569840597,0.16769756374092412,-0.7339137165833318,1.3290269556400982
-1.5891626697136385,-0.08542893634810476,-0.7336017830724589,1.5623903359232545
-1.9580817979870129,-0.20138421320447722,-0.750417233277054,1.485555732879929
-2.1184650790631117,-0.5435917312653966,-1.2214510924675235,1.7974809897308899
-2.1173511127526616,-0.5304076987704526,-1.3533960448795797,1.7802900352090938
-2.11623714644221,-0.5172236662755187,-1.4853409972914742,1.763099080687298
-2.1151231801317545,-0.5040396337805747,-1.6172859497033258,1.745908126165502
-2.2487967100947808,-0.3163971709362687,-1.410804860043367,1.3943599839358427
-2.2097904158477037,0.3802660137445384,-0.740808298064103,0.3238404252143015
-1.935195982781724,0.3501406281788031,-0.662089502767764,1.036017325542108
-1.8657074138896108,0.5902496137077075,-0.17148954563993565,0.8089492492219714
-1.8516579528981278,0.7017346360324176,-0.1437389071910378,0.7294970603816169
-1.8376084919066342,0.8132196583571377,-0.1159882687419743,0.650044871541258
-1.823559030915147,0.9247046806818479,-0.08823763029286627,0.5705926827009036
-1.6915679538869899,1.3987218398256809,-0.1217468790599499,0.5164202666884854
-1.6663046115982645,1.2472569547198016,-0.1358324568232633,1.0919215138708873
-1.9258861559458342,1.0316711727155,-0.2906089201186734,1.3556729504405418
-1.8582147798819184,1.0986728470015574,-0.4221714117810832,0.923130177820139
-1.8886425433537752,1.1348241208373693,-0.4166879237737029,0.9886358052555854
-1.9190703068256063,1.1709753946731916,-0.41120443576632115,1.0541414326910377
-1.9494980702974358,1.2071266685090036,-0.40572094775881623,1.119647060126484
-1.9228736589226667,1.538272952434252,0.21187664786825328,0.7682446363532054
-1.754318176778741,1.9567038903107672,0.6378550669948965,0.2610232408633734
-1.7608396640011472,1.7100310957323008,0.2603909361754817,0.5365659966619035
-1.7481886181591622,1.4298025957500196,-0.2216385628537995,1.0536677469853573
-1.7603138472771584,1.5157489064362162,-0.013145224057871403,0.9599648696601917
-1.7724390763951412,1.6016952171224061,0.1953481147381006,0.8662619923350247
-1.784564305513113,1.6876415278086028,0.4038414535341114,0.772559115009859
-1.7968187182836757,1.2935320084561106,-0.24561129030962445,0.8400796331049171
-1.7563396148768924,1.1182923417885868,-0.21942153380478746,0.8481451520132274
-1.804445583887278,1.0430763345211893,-0.2478356679504497,0.9658002894615044
-1.824726617161612,1.1969151369403046,-0.18392596994542496,0.623654462568228
-1.8101053971026235,1.1270176166389816,-0.36889684155041785,0.8220887559053677
-1.7954841770436405,1.0571200963376481,-0.5538677131553654,1.0205230492425015
-1.7808629569846262,0.9872225760363249,-0.7388385847602756,1.2189573425796412
-1.9272145718696654,0.9133337282165876,-0.9714226156326327,1.421258095270191
-2.0058050800063585,0.995081817224625,-1.0009844391994651,1.348874276854333
-2.0503507316646905,1.8827086016356736,0.02955310662796096,0.2873182109354945
-1.8079454755079511,2.0642551085096743,0.3255564751067347,0.9280475715696859
-1.8283091995303467,1.9645358420321213,0.2794006089185707,0.7733638800904938
-1.8486729235527328,1.8648165755545814,0.23324474273041096,0.6186801886113047
-1.8690366475751192,1.765097309077028,0.18708887654224696,0.46399649713211283
-2.042723141112429,1.8722777197812643,0.2480065153039262,0.8168171560616668
-1.8638423680968839,2.112675701539082,0.3533316051581497,0.8629333881564634
-1.6700879491993605,1.9335252240787713,0.24326568620720304,0.9590820042181276
-1.5436070054287276,2.3598946553743554,0.7081723991580011,0.15058539912511257
-1.538467409020442,2.46637692702911,0.837507656106451,0.3345106377224482
-1.5333278126121574,2.572859198683857,0.9668429130549396,0.5184358763197838
-1.5281882162038665,2.679341470338612,1.0961781700034299,0.7023611149171194
-1.337796965115323,2.4993384930262303,0.8945339069754225,0.7766870776613244
-1.4150304704126955,2.642598915194494,1.050334423012718,0.5704005769540709
-1.2900194338795687,2.962079820947887,1.5038503998625699,0.5295428737156742
-1.0265069344803872,2.8957900119325486,1.3350858769998586,-0.021031717465770625
-0.9991568922219218,2.9082970565203565,1.2649474004997185,0.1581861718732319
-0.9718068499634525,2.9208041011081805,1.1948089239996587,0.3374040612122344
-0.9444568077049668,2.9333111456959884,1.1246704474996014,0.5166219505512368
-0.9663736634143666,2.792861104255702,1.3311601996973839,0.6196672106158152
-1.1632754557223761,2.258075364001144,1.3658739320608488,0.9614399762941106
-1.200561729459745,2.1261702455443334,1.0232014145908048,1.1439684083469568
-1.4498805932710062,2.0268424192188133,0.8554688883519184,0.17123340593354333
-1.4993089423187114,2.025724992245761,0.7697451797163218,0.43007909808373107
-1.5487372913664148,2.0246075652727056,0.6840214710808908,0.6889247902339144
-1.598165640414113,2.0234901382996533,0.5982977624455016,0.9477704823841021
-1.562103565241556,2.0957619035774333,0.242972111182302,1.0011819939814202
-1.523514757326868,1.8894124112425363,0.16585424209308902,1.16035412823681
-1.4928816986037878,1.906893901558726,0.05383110331480328,1.2007598820902519
-1.523614171205376,1.994974775800239,0.13405115262581108,1.192093542902063
-1.5337317174818206,1.9279188602033268,0.15344289574776623,1.15347434630579
-1.543849263758251,1.8608629446064082,0.1728346388697185,1.11485514970952
-1.5539668100346753,1.793807029009496,0.19222638199183573,1.076235953113247
-1.8466720492748974,1.5160816733483022,0.028650189186154133,1.2355558065318633
-1.799337692068515,0.8891956832543276,-0.6300557197267528,1.4908059376139402
-2.325682307305186,0.7951435651896112,-0.8251281306461061,1.4734425360156473
-2.3223970456704213,0.896778043254859,-0.7549557773915265,1.4362284013512503
-2.3194469840078105,0.9690298462068062,-0.7642975400186585,1.4379544322013045
-2.3164969223451926,1.0412816491587433,-0.7736393026457521,1.4396804630513587
-2.3135468606825698,1.1135334521106905,-0.7829810652728026,1.4414064939014126
-2.4471056595424,1.0290817165776773,-0.8754454158116224,1.6437964220759451
-2.4403729744714218,1.1499750962736452,-0.9967517462800645,1.8133311008473876
-2.4480219859911636,1.1677881930203975,-1.0638000984780946,1.730638738840193
-2.4764415338762253,1.1220172019533217,-1.0293887363770697,2.187825624647902
-2.4687703789266613,1.0823348183430117,-0.969018427852353,2.162623461701912
-2.4610992239770897,1.0426524347326984,-0.9086481193275187,2.1374212987559233
-2.4534280690274985,1.0029700511223887,-0.8482778108026426,2.112219135809933
-2.490630601005685,1.1727924126023084,-0.5461962207755557,2.2482770188441434
-2.4404129662343133,1.2203861854730276,-0.49014863694250244,2.1048486456036075
-2.453476878836768,1.1556344247920354,-0.7164720407252892,2.0339130391130213
-2.4159007194686,1.3467045139441198,-0.4097792947026456,1.7517169324332023
-2.4610497487290766,1.1551471417186554,-0.584260234102335,1.8039295083913602
-2.5061987779895527,0.9635897694931973,-0.758741173501901,1.8561420843495227
-2.551347807250021,0.7720323972677327,-0.9332221129014239,1.9083546603076806
-2.715596228927542,0.6177639959376711,-1.07141699129442,1.8704622324275064
-2.835508226613111,0.8691762915911234,-0.795085121700314,1.8271182111950994
-2.8149845174463084,0.8130595867325181,-0.8522313432090632,1.5669363584181109
-2.9072680803296147,0.595805321571237,-1.2816844687592799,1.5685858220138533
-2.885684867241792,0.6393132747714749,-1.2963245016171316,1.4988335177984071
-2.8641016541539672,0.6828212279717095,-1.3109645344749368,1.4290812135829611
-2.842518441066129,0.7263291811719473,-1.325604567332704,1.3593289093675152
-2.8333261965728407,0.6567077164799865,-1.3023108250679107,1.1535266818838128
-2.894271936676135,0.2647673538575714,-1.6585028659346681,1.5974987080663072
-3.040881078070708,0.5378302705827258,-1.637349014688814,1.270335608465382
-2.9907480416497827,0.6373362412083092,-1.6053700012334664,1.6101392091187487
-2.9964128422037115,0.6604937192871455,-1.5550393591895937,1.5745810095745776
-3.0020776427576434,0.683651197365972,-1.5047087171456806,1.5390228100304064
-3.007742443311567,0.7068086754448086,-1.4543780751017286,1.503464610486235
-3.0812699392178224,0.6700097758298762,-1.6657664225693953,1.5412498358310556
-3.193590674269331,0.84354370813203,-1.4602928193424232,1.6088466981394727
-3.102701912086728,0.8991585872732792,-1.272521527673854,1.506812591204455
-2.977886981561352,0.9046263325306859,-1.457161151387508,1.3573398594836756
-2.9693263536789787,0.8837236329094444,-1.4391532888345533,1.3685736139430533
-2.960765725796586,0.8628209332881996,-1.4211454262815175,1.3798073684024263
-2.952205097914192,0.8419182336669583,-1.4031375637284802,1.391041122861804
-2.938488819030261,0.8139612707988323,-1.368649064611004,1.5508555487045694
-2.8139757004922674,0.7790071666959298,-1.3687924032173762,1.6556561681500155
-2.8313282606176178,0.702346445115043,-1.4114951172996095,1.8377393781643891
-2.599264515068756,0.6571715581361067,-1.3014718246244257,1.8214880510869507
-2.592425546645299,0.7179557480192443,-1.2637471372358586,1.812430900913543
-2.58558657822184,0.7787399379023785,-1.2260224498472858,1.8033737507401326
-2.5787476097983655,0.8395241277855161,-1.1882977624587143,1.794316600566725
-2.4098140904733243,0.8770734648228937,-1.1023138988428829,2.031288537805121
-2.538319952566717,0.9843614348810913,-1.1230583935345617,1.9055473779746153
-2.4089330436790135,1.3670819396859657,-0.8420233822654525,1.6221458667699693
-2.28702936384484,1.8255032923971495,-0.663454861462644,0.8235520034927313
-2.174507973930868,1.8554129022997066,-0.6305578328885183,0.8977828253173372
-2.0619865840168914,1.885322512202253,-0.5976608043141476,0.9720136471419432
-1.9494651941029113,1.9152321221048103,-0.5647637757398619,1.0462444689665493
-1.9261419242768985,1.9300543507861376,-0.6606117239546078,0.792602119073742
-1.9088122348622822,1.793259878348445,-1.0474303496444182,1.2009895577451049
-1.9949690073068294,1.7658934533622823,-0.9439210111060821,1.3167602884177392
-2.6245266022186287,1.4315842088684145,-1.1810476754578356,1.4804601722510138
-2.48863172786682,1.3925461899106302,-1.2474528013792794,1.518262366715019
-2.3527368535150064,1.3535081709528387,-1.3138579273007207,1.5560645611790227
-2.216841979163184,1.3144701519950541,-1.3802630532219997,1.5938667556430275
-2.3671304909207453,1.1551881235529338,-1.5077894985384241,1.9240810006894618
-2.5035442630287155,0.9176160892410439,-1.6329309828573904,1.8657474869534423
-2.428890290339963,1.1943912869691555,-1.5014931679103047,1.7240182294260755
-2.3531491578031125,0.7843702319382319,-2.028625420425713,1.6129869133042154
-2.409142698616829,0.6654899369058301,-2.038265676414495,1.7969214912842104
-2.4651362394305436,0.5466096418734187,-2.0479059324032356,1.9808560692641994
-2.521129780244249,0.4277293468410172,-2.057546188391812,2.1647906472441942
-2.3804803379417967,0.7014079865566434,-2.04722562951478,2.1397617208771793
-2.3966385242767054,0.6507521408798157,-2.0644662439792802,2.3461702463946508
-2.4915994300344293,0.4083162894618776,-2.1779296613052295,2.491945821649349
-2.4765044553635187,0.3635914213776247,-2.1132830180554505,2.474715642368128
-2.453920492713683,0.3824732849466697,-2.1426932975540725,2.4726495570997873
-2.431336530063825,0.4013551485157046,-2.1721035770526123,2.470583471831441
-2.408752567413969,0.4202370120847496,-2.201513856551153,2.4685173865631
-2.5195673488900336,0.11605294104629553,-2.4678864471647612,2.73767720608424
-2.7160178766126144,0.23048206809692906,-2.4705937318848177,2.7657268303410874
-2.6631755611587793,0.5130241348568885,-2.4721961595295348,2.675346811048823
-2.5785057396011077,0.4216293473991226,-2.586251873919556,2.4993968464479877
-2.610605731666324,0.42091460750562165,-2.577862979047666,2.5105096933431574
-2.642705723731534,0.42019986761211053,-2.569474084175611,2.5216225402383348
-2.6748057157967415,0.41948512771860963,-2.56108518930351,2.532735387133505
-2.694407852992357,0.5919805888370575,-2.48178730182009,2.5897968022643862
-2.6543425105993874,0.6168996371888905,-2.124424023014777,2.439393849728494
-2.6543425105993874,0.013271973702492598,-2.5713177074804956,2.943163134788609
-2.747871897153831,-0.05514777367863887,-2.2080625247772754,3.1192372987052805
-2.8020598617294965,-0.21722041335767225,-2.3222817351978433,3.214144679909252
-2.8562478263051667,-0.37929305303671235,-2.4365009456183224,3.3090520611132277
-2.910435790880828,-0.5413656927157457,-2.5507201560386843,3.4039594423171993
-3.022556059279235,-0.8084568077087263,-2.6801973167859483,3.3054050544099
-3.0012228201416677,-0.8275956492220581,-2.617857925653079,3.458035686030678
-3.0910104672923207,-0.516457519136895,-2.7090708872286147,3.909380249079527
-3.051491474609271,-0.6976178280276836,-2.793789867143456,3.7489655128323003
-3.0429810260599917,-0.6726608836072319,-2.8428086584471797,3.790100290149219
-3.0344705775106946,-0.64770393918679,-2.891827449750741,3.8312350674661384
-3.0259601289613953,-0.6227469947663383,-2.9408462410542557,3.8723698447830572
-2.9715079215046916,-0.6645541526557611,-3.1160732282756376,3.884418778550522
-2.984322349230234,-0.5405567508964386,-2.9439905933263324,3.603877296223783
-2.9949148006825665,-0.5894523958927568,-3.1477655706721057,3.763359791840962
-2.9523444710066613,-0.48209196810646016,-3.058243245365306,3.7983253955490963
-2.93015957310975,-0.5220254514895364,-3.0614786329262595,3.8181756146226564
-2.9079746752128393,-0.5619589348726092,-3.0647140204870533,3.838025833696209
-2.885789777315924,-0.6018924182556853,-3.0679494080478014,3.8578760527697686
-2.871815654253067,-0.5703002977107563,-3.117826994810515,3.980454730924988
-2.8643794758422376,-0.905962955860991,-3.320242947203724,4.022814626072435
-2.875321271716715,-0.47740789020890656,-3.0033861091645946,3.735912696992529
-2.678131446047153,0.12234050936875893,-2.6657618834280603,2.435712802074779
-2.6406071024576465,0.16482320633709044,-2.6613637091769338,2.690459372875819
-2.6030827588681507,0.20730590330540857,-2.6569655349257277,2.945205943676853
-2.565558415278624,0.24978860027374009,-2.6525673606744764,3.199952514477893
-2.5633824057863395,0.15907492762405118,-2.7220793647748653,3.1456524077908123
-2.5730102003936985,-0.07997058225158593,-2.9854433312150044,3.2755498088540924
-2.597650875236846,-0.11541653417031551,-2.909434648304348,3.2522209135629634
-2.5020706094456417,0.10924993075194529,-2.639943586788013,3.1208684551834
-2.5185474246539052,0.07039684493581277,-2.668486219921334,3.151769137335889
-2.5350242398621674,0.03154375911968358,-2.697028853054656,3.1826698194883796
-2.5515010550704287,-0.007309326696448934,-2.72557148618781,3.2135705016408687
-2.444518243941391,0.09120195316986185,-2.672584054586247,3.456287509132607
-2.253408929690547,0.258209104755684,-2.3392786848000577,2.94548220615145
-2.096941503613132,0.8217493709852316,-1.8681767400884683,2.644019012997381
-1.959463205817775,0.6492640473311332,-1.807765520401465,2.7510550644205196
-1.9675929652470376,0.6702184865219463,-1.7565195304557613,2.783962984374547
-1.9757227246762854,0.6911729257127461,-1.7052735405101438,2.816870904328568
-1.9838524841055263,0.7121273649035592,-1.6540275505642796,2.8497788242825957
-1.9914041074288107,0.5300368610960158,-1.7947591832645584,3.0603990714241505
-2.0469839257483797,0.5160129561490142,-2.1038532562906744,3.0119761161467045
-2.120689823945933,0.32978977724916436,-2.316529294613977,3.1562892192831056
-2.2244716705952263,0.19834262814547848,-2.539454158222635,3.328971684606281
-2.2253259412226294,0.25490248247919406,-2.526092280753285,3.2481760531856656
-2.2261802118500285,0.31146233681291297,-2.512730403283899,3.1673804217650487
-2.227034482477422,0.36802219114662854,-2.4993685258144693,3.0865847903444332
-2.081398602578345,0.46382010891062997,-2.400157674256196,3.291442844589403
-2.0916099898083775,0.3992254772764015,-2.494151980557306,3.5506012098198805
-2.2092485207111747,0.17150980734649413,-2.74931422128317,3.925299930567565
-2.1784512035266745,0.2983391687141262,-2.6194472601027097,3.930216067100288
-2.1883502317912282,0.30023818852246537,-2.645572873101568,3.9317503145957162
-2.1982492600557766,0.30213720833080454,-2.671698486100424,3.933284562091144
-2.20814828832031,0.3040362281391437,-2.697824099099116,3.9348188095865715
-2.143383798040273,0.6821182460378726,-2.4144656259803448,3.864314702930511
-2.137720018809164,0.5633007305790934,-2.4257563183393347,4.131230972579393
-2.1001663361757377,0.5253663579366379,-2.3673375046491207,4.186497583534666
-2.065875303578558,0.6436668005321439,-2.2469085322359965,3.50045519028607
-2.087012528051946,0.4680572544691974,-2.4568500144141074,3.6994627288931294
-2.1081497525253305,0.2924477084062341,-2.666791496592218,3.898470267500195
-2.1292869769987166,0.11683816234328755,-2.876732978770244,4.097477806107254
-2.3617959398167603,0.08050418508582056,-2.637233284432026,4.220065331348874
-2.332287436595416,0.21220876196682578,-2.54461152682301,3.9517100525119164
-2.28414999163184,0.46718310487668663,-2.523593884163498,3.8275411031314004
-2.2388868617871176,0.17225574195939675,-2.6694256500515015,4.2916043641528665
-2.274004943570021,0.13064150482180278,-2.653179508818598,4.467058016007861
-2.309123025352903,0.08902726768419537,-2.636933367585572,4.642511667862856
-2.3442411071357845,0.04741303054660139,-2.6206872263524614,4.817965319717854
-2.326845143902386,0.17701207039293657,-2.746939511584026,4.819546312665733
-2.270923990709525,0.23495932539822484,-2.5273156890562314,4.501915097152287
-2.219098432963502,0.20824668031597268,-2.5870071606890583,4.60441842183869
-2.2488957164073784,-0.032699970775908346,-2.624477890149656,4.90737274888231
-2.2576728270186264,-0.04403422537777364,-2.6396854598976134,4.839802602051461
-2.266449937629862,-0.05536847997963894,-2.654893029645283,4.7722324552206015
-2.2752270482410872,-0.06670273458150423,-2.6701005993930798,4.704662308389751
-2.2368779622810133,0.06906446149164919,-2.4817909685941366,4.546225648883461
-2.210249391993109,-0.12290943975365858,-2.7180012575053056,4.6282659965911295
-2.299859177861179,-0.37409772851576023,-2.916416360787804,4.664468343800679
-2.3464609444711577,-0.31018257964845425,-2.7646371152974387,4.475767801260957
-2.3366178401317206,-0.24686882140738042,-2.7068456007142,4.438314707399711
-2.3267747357922786,-0.18355506316629314,-2.6490540861309593,4.4008616135384635
-2.316931631452832,-0.12024130492521923,-2.591262571547673,4.363408519677217
-2.2998941249159452,-0.31707752817944795,-2.6795522892520927,4.533929826530639
-2.3366384207956497,-0.13499551311167485,-2.7226166099160443,4.469536741119937
-2.3071157783630194,0.08954677114637573,-2.494127805141938,4.336767736925463
-2.226904912655376,0.23179437392365332,-2.4496449032527354,4.195522957598218
-2.233114622032744,0.29571380286339466,-2.3839500369510147,4.132612256372759
-2.2393243314101077,0.35963323180314277,-2.3182551706491656,4.0697015551473035
-2.2455340407874544,0.4235526607428841,-2.252560304347239,4.006790853921844
-2.245581156481211,0.32777328459148736,-2.1462113050267995,4.1030564935074265
-2.2235906547589512,0.2981209260892382,-2.136417144572846,4.048474610801821
-2.0909945192857835,0.5449864005512981,-1.568768819424413,3.356532683018128
-1.9506985917654982,0.9627111633139157,-1.2365578924893488,3.42574291134886
-1.9038099185814075,0.9499353927852695,-1.40353707296272,3.4489205800861304
-1.8569212453972965,0.9371596222566299,-1.5705162534360066,3.4720982488233956
-1.8100325722131898,0.9243838517279835,-1.7374954339092918,3.4952759175606665
-1.8368179543469132,0.8226762981179597,-1.7080164248391434,3.7413521202472824
-1.839262866986324,0.8897538832587656,-1.4382943185919057,3.6149428852731087
-1.7462633942703945,1.1535421116227111,-1.3622703548229633,3.573065650010609
-1.8132542334999737,0.819857018234776,-1.8111631158707124,3.724803236359789
-1.8671789233127714,0.803827866931035,-1.865429910052523,3.3492751388727515
-1.9211036131255428,0.7877987156272773,-1.9196967042342465,2.9737470413857174
-1.9750283029383242,0.7717695643235364,-1.973963498415974,2.5982189438986802
-1.939352746397362,0.6812617724903495,-1.9481411811701337,3.850218264595162
-1.8777957560613365,0.7330651600198083,-1.6837982545214776,3.892769164138888
-1.793701917014241,0.8638586926472056,-1.7031984044933877,4.0329052034929695
-1.7071773229370901,0.9007511829810375,-1.7591836203868172,4.271707457325339
-1.6697374046623734,0.9033251126361997,-1.6542269682457937,4.220591033962803
-1.6322974863876256,0.9058990422913521,-1.5492703161047747,4.169474610600265
-1.5948575681128787,0.9084729719465143,-1.4443136639637508,4.11835818723773
-1.4082681743057843,0.8579635354494959,-1.4428184275253786,4.21592786740361
-1.1803796480078008,1.066363982806071,-1.169675153713071,4.245317182541595
-0.8217748171002595,1.4843434895107723,-0.7303812671726827,3.990179983182512
-0.44804541227735983,1.6172116613310712,-0.6872156711756254,3.752499202061154
-0.14606069039456251,1.9003436415890005,-0.5666930426388965,3.570892073280244
0.15592403148823755,2.183475621846924,-0.4461704141021682,3.38928494449933
0.4579087533710444,2.4666076021048537,-0.3256477855653165,3.20767781571842
0.9196729281140028,2.39533345149555,-0.6981199898920517,3.7746831352614776
0.4229332146038625,2.3313738598872327,-0.6486845857667907,3.4839646281468832
0.32166160566187074,2.318517163726916,-0.7274523696368357,2.869324655302403
0.61692312629737,2.3848231119990544,-0.2987052402034277,2.8326596835454527
0.7649485037894969,2.421011960139869,-0.28197850063853863,2.7929355124874617
0.912973881281633,2.457200808280681,-0.26525176107361137,2.7532113414294757
1.0609992587737829,2.493389656421495,-0.24852502150855663,2.7134871703714847
0.7349889319646702,2.5780748300146596,0.04301716106822131,2.6167000612041247
0.8522796021043303,3.1426876798196206,0.24709735329402457,1.7556547248721923
1.0858511933522124,3.0304610516843478,0.026115572821206287,1.5496844550826374
0.913367609517725,2.7410177371283484,0.11866539501350873,1.3948197430408253
1.0224257791521825,2.94282486008474,0.3743871080039797,1.4642320713471222
1.1314839487866453,3.144631983041132,0.6301088209946163,1.5336443996534177
1.240542118421108,3.346439105997524,0.8858305339852528,1.6030567279597145
1.7007970448367045,3.913126509292363,1.3409796281379363,1.000120577390381
1.7110420077901964,4.148932319950633,1.5724620294485958,0.7968657211918593
1.7570435544893905,4.051787222563787,1.2504740896037414,1.088249880284571
1.572567599192182,3.8546894754334513,1.1769644944451767,1.6694270245580805
1.6510369081117784,4.06479906941387,1.4287821330636497,1.27889819615881
1.7295062170313922,4.274908663394286,1.6805997716821657,0.8883693677595424
1.8079755259510102,4.485018257374704,1.9324174103007197,0.4978405393602718
2.0122809792513645,4.2709800630970545,1.8434230153473619,0.8927453879983553
2.1242506768818354,4.428534132176186,1.9312594474265705,0.8181875088665083
2.205603900040578,4.347188649417311,1.8227487365806447,0.6220904618690472
2.5186283265135496,4.364635243275447,2.103881928429129,0.7825927898239674
2.4389065078537993,4.2628773878112955,1.9971851526216517,0.8872122719414017
2.359184689194062,4.161119532347161,1.8904883768142553,0.9918317540588361
2.279462870534339,4.05936167688301,1.7837916010069463,1.0964512361762706
1.9147138122478897,3.9782206790618733,1.639912933114855,1.05703868514108
1.9308548135754173,4.054080613080648,1.5042598646699261,1.043525144372425
2.17968033275745,4.386825164975293,2.269813061779794,0.6842182086796026
2.2718844128598277,4.660647427116232,2.703681963012765,0.5380682018026379
2.207933639819354,4.530701165340361,2.5751681998195353,0.5636937994485441
2.143982866778899,4.400754903564476,2.4466544366263507,0.5893193970944534
2.08003209373845,4.270808641788604,2.318140673433164,0.6149449947403597
1.930892030788141,4.093938601679324,2.134252819487719,0.8025127193109087
2.215970678973817,4.281750009764586,2.673441852269702,0.8496917070199506
2.2082928935089057,4.202106842318151,2.4446107386747045,0.7223049972203335
2.3771745198966117,4.60495157584604,3.145578962940175,0.60490977530568
2.476883012582016,4.699836580047082,3.19508026499378,0.5788177308137875
2.5765915052674355,4.794721584248115,3.244581567047263,0.5527256863218981
2.6762999979528566,4.8896065884491575,3.2940828691009902,0.5266336418300057
2.8044356304152953,5.03723191889503,3.1790612664178566,0.456977017953297
3.2431266817395143,5.034723237454325,3.0364900130657033,0.29482621853551744
3.4625600913023358,4.991334612093911,3.312189444349323,-0.06271795932601396
3.9385865678085987,5.340383230888741,3.528189083311048,-0.3329119370007618
3.9473197645803757,5.3727823443382805,3.7310726395901948,-0.3368715799153344
3.956052961352158,5.405181457787821,3.9339561958695057,-0.3408312228299069
3.964786158123959,5.437580571237358,4.136839752148818,-0.34479086574447954
4.156098168418014,5.511354910047354,3.953557411534185,-0.341639329891441
4.847843629543866,6.092186399216809,4.494022158399925,-0.5771527225181083
4.990712552868753,5.663685964700446,4.452426101016409,-0.387637315674808
4.928750925735399,6.113943633873232,5.1099950166407435,-0.7052183561000935
5.02134412942755,6.190846089176195,5.078083677490349,-0.6789194771196367
5.113937333119718,6.267748544479163,5.046172338339951,-0.6526205981391818
5.206530536811896,6.344650999782127,5.014260999189725,-0.6263217191587251
